timestamp,pH,ORP,total_coli,BOD,COD,NO3,temperature
2022-07-20 08:49:03.846000+00:00,,,,,,3.3,
2022-07-20 09:12:48.485000+00:00,,,2421.01,,,,
2022-07-20 09:18:48.513000+00:00,,,,,0.0,,
2022-07-20 09:24:03.536000+00:00,,,,,,0.0,
2022-07-20 09:49:03.884000+00:00,,,2351.24,,,,
2022-07-20 09:57:48.413000+00:00,,,,,,3.6,
2022-07-20 10:19:03.698000+00:00,,262.2,,,,,
2022-07-20 10:21:48.367000+00:00,,,2539.76,,,,
2022-07-20 10:31:03.657000+00:00,,,,,,3.5,
2022-07-20 10:49:03.638000+00:00,7.979999,,,,,,
2022-07-20 11:01:03.748000+00:00,,,,,0.0,,
2022-07-20 11:25:03.724000+00:00,,299.4,,,,,
2022-07-20 11:30:48.225000+00:00,,,,0.0,,,
2022-07-20 11:33:48.234000+00:00,,,,,0.0,,
2022-07-20 11:36:48.227000+00:00,,,,,,3.5,
2022-07-20 11:40:03.682000+00:00,,,,,,,0.0
2022-07-20 11:54:48.193000+00:00,7.969999,,,,,,
2022-07-20 11:58:03.643000+00:00,,298.8,,,,,
2022-07-20 12:01:03.650000+00:00,,,2436.3,,,,
2022-07-20 12:03:48.172000+00:00,,,,0.0,,,
2022-07-20 12:07:03.506000+00:00,,,,,0.0,,
2022-07-20 12:09:48.174000+00:00,,,,,,3.5,
2022-07-20 12:28:03.601000+00:00,7.979999,,,,,,
2022-07-20 12:31:03.597000+00:00,,297.3,,,,,
2022-07-20 12:34:03.589000+00:00,,,2288.42,,,,
2022-07-20 12:37:03.423000+00:00,,,,0.0,,,
2022-07-20 13:00:48.084000+00:00,8.009999,,,,,,
2022-07-20 13:04:03.397000+00:00,,296.1,,,,,
2022-07-20 13:07:03.384000+00:00,,,2291.11,,,,
2022-07-20 13:10:03.524000+00:00,,,,0.0,,,
2022-07-20 13:36:48.013000+00:00,,295.5,,,,,
2022-07-20 13:40:03.482000+00:00,,,2325.18,,,,
2022-07-20 13:42:48.017000+00:00,,,,0.0,,,
2022-07-20 13:45:47.999000+00:00,,,,,0.0,,
2022-07-20 13:49:03.462000+00:00,,,,,,3.6,
2022-07-20 14:06:47.961000+00:00,8.0,,,,,,
2022-07-20 14:09:47.972000+00:00,,295.7,,,,,
2022-07-20 14:12:47.942000+00:00,,,2544.89,,,,
2022-07-20 14:19:03.263000+00:00,,,,,0.0,,
2022-07-20 14:22:03.250000+00:00,,,,,,3.8,
2022-07-20 14:39:47.900000+00:00,7.99,,,,,,
2022-07-20 14:46:03.207000+00:00,,,2483.779,,,,
2022-07-20 14:51:47.893000+00:00,,,,,0.0,,
2022-07-20 14:54:47.884000+00:00,,,,,,3.9,
2022-07-20 15:13:03.291000+00:00,7.99,,,,,,
2022-07-20 15:16:03.299000+00:00,,295.7,,,,,
2022-07-20 15:18:47.838000+00:00,,,2395.24,,,,
2022-07-20 15:22:03.321000+00:00,,,,0.0,,,
2022-07-20 15:25:03.277000+00:00,,,,,0.0,,
2022-07-20 15:28:03.275000+00:00,,,,,,4.1,
2022-07-20 15:46:03.099000+00:00,7.969999,,,,,,
2022-07-20 15:49:03.253000+00:00,,295.9,,,,,
2022-07-20 15:52:03.233000+00:00,,,2289.48,,,,
2022-07-20 15:55:03.233000+00:00,,,,0.0,,,
2022-07-20 15:57:47.775000+00:00,,,,,0.0,,
2022-07-20 16:00:47.759000+00:00,,,,,,4.3,
2022-07-20 16:25:03.177000+00:00,,,2175.64,,,,
2022-07-20 16:33:47.702000+00:00,,,,,,4.4,
2022-07-20 16:36:32.410000+00:00,,,,,,,0.11
2022-07-20 16:51:47.660000+00:00,7.959999,,,,,,
2022-07-20 17:00:47.650000+00:00,,,,0.0,,,
2022-07-20 17:04:02.943000+00:00,,,,,0.0,,
2022-07-20 17:24:47.611000+00:00,7.949999,,,,,,
2022-07-20 17:31:03.062000+00:00,,,2190.1,,,,
2022-07-20 17:34:03.042000+00:00,,,,0.0,,,
2022-07-20 17:37:02.877000+00:00,,,,,0.0,,
2022-07-20 17:58:02.985000+00:00,7.939999,,,,,,
2022-07-20 18:01:02.843000+00:00,,297.2,,,,,
2022-07-20 18:10:02.833000+00:00,,,,,0.0,,
2022-07-20 18:30:47.474000+00:00,7.939999,,,,,,
2022-07-20 18:34:02.789000+00:00,,296.8,,,,,
2022-07-20 18:36:47.478000+00:00,,,2332.25,,,,
2022-07-20 18:40:02.770000+00:00,,,,0.0,,,
2022-07-20 18:42:47.477000+00:00,,,,,0.0,,
2022-07-20 19:04:02.748000+00:00,7.939999,,,,,,
2022-07-20 19:10:02.722000+00:00,,,2476.64,,,,
2022-07-20 19:12:47.394000+00:00,,,,0.0,,,
2022-07-20 19:15:47.401000+00:00,,,,,0.0,,
2022-07-20 19:19:02.698000+00:00,,,,,,5.0,
2022-07-20 19:36:47.364000+00:00,7.929999,,,,,,
2022-07-20 19:39:47.337000+00:00,,296.8,,,,,
2022-07-20 19:43:02.813000+00:00,,,2330.68,,,,
2022-07-20 19:48:47.355000+00:00,,,,,0.0,,
2022-07-20 19:51:47.343000+00:00,,,,,,5.1,
2022-07-20 20:09:47.433000+00:00,7.919999,,,,,,
2022-07-20 20:12:47.315000+00:00,,296.9999,,,,,
2022-07-20 20:21:47.282000+00:00,,,,,0.0,,
2022-07-20 20:25:02.724000+00:00,,,,,,5.1,
2022-07-20 20:46:02.698000+00:00,,296.6,,,,,
2022-07-20 20:49:02.689000+00:00,,,2249.26,,,,
2022-07-20 20:54:47.250000+00:00,,,,,0.0,,
2022-07-20 20:57:47.244000+00:00,,,,,,5.1,
2022-07-20 21:18:47.202000+00:00,,295.9,,,,,
2022-07-20 21:22:02.471000+00:00,,,2329.79,,,,
2022-07-20 21:24:47.202000+00:00,,,,0.0,,,
2022-07-20 21:31:02.482000+00:00,,,,,,5.1,
2022-07-20 21:49:02.452000+00:00,7.909999,,,,,,
2022-07-20 21:52:02.428000+00:00,,295.9,,,,,
2022-07-20 21:55:02.578000+00:00,,,2273.21,,,,
2022-07-20 21:57:47.109000+00:00,,,,0.0,,,
2022-07-20 22:04:02.563000+00:00,,,,,,5.0,
2022-07-20 22:22:02.385000+00:00,7.929999,,,,,,
2022-07-20 22:24:47.073000+00:00,,295.0,,,,,
2022-07-20 22:28:02.524000+00:00,,,2304.57,,,,
2022-07-20 22:34:02.524000+00:00,,,,,0.0,,
2022-07-20 22:40:02.477000+00:00,,,,,,,1.26
2022-07-20 22:54:46.997000+00:00,7.9,,,,,,
2022-07-20 23:03:47.018000+00:00,,,,0.0,,,
2022-07-20 23:06:47.005000+00:00,,,,,0.0,,
2022-07-20 23:10:02.284000+00:00,,,,,,5.0,
2022-07-20 23:28:02.401000+00:00,7.929999,,,,,,
2022-07-20 23:31:02.424000+00:00,,294.9,,,,,
2022-07-20 23:36:46.959000+00:00,,,,0.0,,,
2022-07-20 23:40:02.403000+00:00,,,,,0.0,,
2022-07-21 00:07:02.209000+00:00,,,2251.89,,,,
2022-07-21 00:09:46.880000+00:00,,,,0.0,,,
2022-07-21 00:12:46.875000+00:00,,,,,0.0,,
2022-07-21 00:34:02.161000+00:00,7.959999,,,,,,
2022-07-21 00:43:02.273000+00:00,,,,0.0,,,
2022-07-21 00:49:02.131000+00:00,,,,,,5.1,
2022-07-21 01:13:02.080000+00:00,,,2359.43,,,,
2022-07-21 01:18:46.779000+00:00,,,,,0.0,,
2022-07-21 01:21:46.762000+00:00,,,,,,5.0,
2022-07-21 01:39:46.754000+00:00,7.969999,,,,,,
2022-07-21 01:48:46.740000+00:00,,,,0.0,,,
2022-07-21 01:51:46.717000+00:00,,,,,0.0,,
2022-07-21 01:55:02.026000+00:00,,,,,,5.0,
2022-07-21 02:16:02.149000+00:00,,292.9,,,,,
2022-07-21 02:24:46.689000+00:00,,,,,0.0,,
2022-07-21 02:46:01.940000+00:00,8.009999,,,,,,
2022-07-21 02:54:46.642000+00:00,,,,0.0,,,
2022-07-21 02:58:01.920000+00:00,,,,,0.0,,
2022-07-21 03:01:01.888000+00:00,,,,,,5.0,
2022-07-21 03:22:02.017000+00:00,,292.8,,,,,
2022-07-21 03:31:01.843000+00:00,,,,,0.0,,
2022-07-21 03:34:02.016000+00:00,,,,,,5.0,
2022-07-21 03:52:01.822000+00:00,7.99,,,,,,
2022-07-21 04:04:01.963000+00:00,,,,,0.0,,
2022-07-21 04:24:46.456000+00:00,7.99,,,,,,
2022-07-21 04:27:46.460000+00:00,,292.9,,,,,
2022-07-21 04:34:01.772000+00:00,,,,0.0,,,
2022-07-21 04:36:46.468000+00:00,,,,,0.0,,
2022-07-21 04:58:01.713000+00:00,8.029999,,,,,,
2022-07-21 05:01:01.847000+00:00,,291.6,,,,,
2022-07-21 05:03:46.413000+00:00,,,2061.38,,,,
2022-07-21 05:06:46.404000+00:00,,,,0.0,,,
2022-07-21 05:30:46.360000+00:00,7.99,,,,,,
2022-07-21 05:34:01.809000+00:00,,292.7,,,,,
2022-07-21 05:40:01.650000+00:00,,,,0.0,,,
2022-07-21 06:04:01.601000+00:00,7.979999,,,,,,
2022-07-21 06:07:01.751000+00:00,,292.7,,,,,
2022-07-21 06:09:46.289000+00:00,,,2198.65,,,,
2022-07-21 06:12:46.286000+00:00,,,,0.0,,,
2022-07-21 06:19:01.581000+00:00,,,,,,4.8,
2022-07-21 06:36:46.257000+00:00,8.009999,,,,,,
2022-07-21 06:39:46.215000+00:00,,298.1,,,,,
2022-07-21 06:48:46.218000+00:00,,,,,0.0,,
2022-07-21 06:52:01.670000+00:00,,,,,,4.8,
2022-07-21 07:09:46.185000+00:00,7.959999,,,,,,
2022-07-21 07:16:01.471000+00:00,,,2054.92,,,,
2022-07-21 07:19:01.601000+00:00,,,,0.0,,,
2022-07-21 07:21:46.151000+00:00,,,,,0.0,,
2022-07-21 07:24:46.154000+00:00,,,,,,4.8,
2022-07-21 07:43:01.555000+00:00,8.0,,,,,,
2022-07-21 07:46:01.547000+00:00,,313.8,,,,,
2022-07-21 07:48:46.121000+00:00,,,1981.06,,,,
2022-07-21 07:51:46.101000+00:00,,,,0.0,,,
2022-07-21 07:57:46.086000+00:00,,,,,,4.7,
2022-07-21 08:16:01.537000+00:00,7.949999,,,,,,
2022-07-21 08:19:01.597000+00:00,,302.5999,,,,,
2022-07-21 08:22:01.356000+00:00,,,2050.57,,,,
2022-07-21 08:25:01.347000+00:00,,,,0.0,,,
2022-07-21 08:28:01.523000+00:00,,,,,0.0,,
2022-07-21 08:31:01.305000+00:00,,,,,,4.6,
2022-07-21 08:52:01.327000+00:00,,301.1,,,,,
2022-07-21 08:55:01.290000+00:00,,,1950.13,,,,
2022-07-21 09:01:01.405000+00:00,,,,,0.0,,
2022-07-21 09:03:45.989000+00:00,,,,,,4.5,
2022-07-21 09:21:45.932000+00:00,7.969999,,,,,,
2022-07-21 09:24:45.919000+00:00,,299.5,,,,,
2022-07-21 09:34:01.376000+00:00,,,,,0.0,,
2022-07-21 09:40:01.335000+00:00,,,,,,,1.62
2022-07-21 09:54:45.847000+00:00,8.0,,,,,,
2022-07-21 09:58:01.312000+00:00,,300.2,,,,,
2022-07-21 10:00:45.853000+00:00,,,1999.75,,,,
2022-07-21 10:03:45.862000+00:00,,,,0.0,,,
2022-07-21 10:10:01.301000+00:00,,,,,,4.3,
2022-07-21 10:33:45.785000+00:00,,,2126.579,,,,
2022-07-21 10:36:45.790000+00:00,,,,0.0,,,
2022-07-21 11:00:45.740000+00:00,8.0,,,,,,
2022-07-21 11:04:01.053000+00:00,,298.1,,,,,
2022-07-21 11:06:45.731000+00:00,,,2086.62,,,,
2022-07-21 11:09:45.732000+00:00,,,,0.0,,,
2022-07-21 11:16:01.180000+00:00,,,,,,4.1,
2022-07-21 11:39:45.692000+00:00,,,2141.66,,,,
2022-07-21 11:43:01.001000+00:00,,,,0.0,,,
2022-07-21 11:45:45.669000+00:00,,,,,0.0,,
2022-07-21 12:07:00.953000+00:00,8.029999,,,,,,
2022-07-21 12:09:45.628000+00:00,,296.9999,,,,,
2022-07-21 12:13:00.929000+00:00,,,1957.14,,,,
2022-07-21 12:16:00.922000+00:00,,,,0.0,,,
2022-07-21 12:19:00.919000+00:00,,,,,0.0,,
2022-07-21 12:21:45.604000+00:00,,,,,,4.1,
2022-07-21 12:39:45.591000+00:00,8.009999,,,,,,
2022-07-21 12:46:01.021000+00:00,,,2028.09,,,,
2022-07-21 12:54:45.547000+00:00,,,,,,4.1,
2022-07-21 13:12:45.553000+00:00,8.019999,,,,,,
2022-07-21 13:15:45.540000+00:00,,296.7,,,,,
2022-07-21 13:22:00.974000+00:00,,,,0.0,,,
2022-07-21 13:25:00.851000+00:00,,,,,0.0,,
2022-07-21 13:27:45.507000+00:00,,,,,,4.1,
2022-07-21 13:45:45.466000+00:00,8.009999,,,,,,
2022-07-21 13:49:00.948000+00:00,,295.5,,,,,
2022-07-21 13:51:45.504000+00:00,,,1988.06,,,,
2022-07-21 13:54:45.462000+00:00,,,,0.0,,,
2022-07-21 13:58:00.770000+00:00,,,,,0.0,,
2022-07-21 14:19:00.729000+00:00,8.009999,,,,,,
2022-07-21 14:21:45.426000+00:00,,296.9,,,,,
2022-07-21 14:24:45.421000+00:00,,,1957.79,,,,
2022-07-21 14:28:00.707000+00:00,,,,0.0,,,
2022-07-21 14:31:00.722000+00:00,,,,,0.0,,
2022-07-21 14:34:00.719000+00:00,,,,,,4.4,
2022-07-21 14:51:45.383000+00:00,8.0,,,,,,
2022-07-21 14:54:45.341000+00:00,,297.5,,,,,
2022-07-21 14:58:00.823000+00:00,,,1954.76,,,,
2022-07-21 15:01:00.790000+00:00,,,,0.0,,,
2022-07-21 15:03:45.355000+00:00,,,,,0.0,,
2022-07-21 15:07:00.790000+00:00,,,,,,4.5,
2022-07-21 15:25:00.759000+00:00,7.99,,,,,,
2022-07-21 15:28:00.592000+00:00,,297.5,,,,,
2022-07-21 15:31:00.743000+00:00,,,1977.99,,,,
2022-07-21 15:36:45.294000+00:00,,,,,0.0,,
2022-07-21 15:39:45.271000+00:00,,,,,,4.6,
2022-07-21 15:57:45.256000+00:00,7.979999,,,,,,
2022-07-21 16:00:45.243000+00:00,,297.1,,,,,
2022-07-21 16:07:00.696000+00:00,,,,0.0,,,
2022-07-21 16:09:45.218000+00:00,,,,,0.0,,
2022-07-21 16:12:45.206000+00:00,,,,,,4.6,
2022-07-21 16:30:45.173000+00:00,7.949999,,,,,,
2022-07-21 16:34:00.638000+00:00,,296.7,,,,,
2022-07-21 16:36:45.178000+00:00,,,1899.77,,,,
2022-07-21 16:39:45.182000+00:00,,,,0.0,,,
2022-07-21 16:43:00.634000+00:00,,,,,0.0,,
2022-07-21 16:45:45.168000+00:00,,,,,,4.8,
2022-07-21 17:03:45.137000+00:00,7.939999,,,,,,
2022-07-21 17:09:45.124000+00:00,,,2098.76,,,,
2022-07-21 17:12:45.100000+00:00,,,,0.0,,,
2022-07-21 17:16:00.566000+00:00,,,,,0.0,,
2022-07-21 17:19:00.565000+00:00,,,,,,4.9,
2022-07-21 17:37:00.397000+00:00,7.929999,,,,,,
2022-07-21 17:43:00.369000+00:00,,,2047.58,,,,
2022-07-21 17:45:45.060000+00:00,,,,0.0,,,
2022-07-21 17:49:00.361000+00:00,,,,,0.0,,
2022-07-21 17:52:00.504000+00:00,,,,,,4.9,
2022-07-21 18:10:00.320000+00:00,7.919999,,,,,,
2022-07-21 18:15:45.007000+00:00,,,2086.04,,,,
2022-07-21 18:18:45.002000+00:00,,,,0.0,,,
2022-07-21 18:22:00.459000+00:00,,,,,0.0,,
2022-07-21 18:24:44.979000+00:00,,,,,,5.0,
2022-07-21 18:43:00.403000+00:00,7.909999,,,,,,
2022-07-21 18:45:44.916000+00:00,,293.2,,,,,
2022-07-21 18:49:00.401000+00:00,,,1960.08,,,,
2022-07-21 18:52:00.388000+00:00,,,,0.0,,,
2022-07-21 18:54:44.921000+00:00,,,,,0.0,,
2022-07-21 18:57:44.930000+00:00,,,,,,5.1,
2022-07-21 19:21:44.871000+00:00,,,2121.22,,,,
2022-07-21 19:30:44.859000+00:00,,,,,,5.1,
2022-07-21 19:49:00.306000+00:00,7.919999,,,,,,
2022-07-21 19:52:00.262000+00:00,,292.9,,,,,
2022-07-21 19:55:00.117000+00:00,,,1879.45,,,,
2022-07-21 19:58:00.178000+00:00,,,,0.0,,,
2022-07-21 20:00:44.808000+00:00,,,,,0.0,,
2022-07-21 20:22:00.066000+00:00,7.939999,,,,,,
2022-07-21 20:24:44.744000+00:00,,292.9,,,,,
2022-07-21 20:27:44.752000+00:00,,,1921.72,,,,
2022-07-21 20:31:00.065000+00:00,,,,0.0,,,
2022-07-21 20:33:44.716000+00:00,,,,,0.0,,
2022-07-21 20:36:44.747000+00:00,,,,,,5.2,
2022-07-21 20:55:00.157000+00:00,7.9,,,,,,
2022-07-21 20:58:00.167000+00:00,,291.9,,,,,
2022-07-21 21:00:44.700000+00:00,,,2080.21,,,,
2022-07-21 21:04:00+00:00,,,,0.0,,,
2022-07-21 21:09:59.977000+00:00,,,,,,5.2,
2022-07-21 21:30:44.637000+00:00,,291.0,,,,,
2022-07-21 21:33:59.951000+00:00,,,2049.94,,,,
2022-07-21 21:37:00.067000+00:00,,,,0.0,,,
2022-07-21 21:42:44.626000+00:00,,,,,,5.1,
2022-07-21 21:46:00.053000+00:00,,,,,,,0.35
2022-07-21 22:06:59.865000+00:00,,,2159.64,,,,
2022-07-21 22:09:59.864000+00:00,,,,0.0,,,
2022-07-21 22:12:59.888000+00:00,,,,,0.0,,
2022-07-21 22:15:59.879000+00:00,,,,,,5.2,
2022-07-21 22:33:44.522000+00:00,7.909999,,,,,,
2022-07-21 22:36:44.534000+00:00,,290.5,,,,,
2022-07-21 22:39:59.831000+00:00,,,2048.64,,,,
2022-07-21 22:42:59.797000+00:00,,,,0.0,,,
2022-07-21 22:45:44.508000+00:00,,,,,0.0,,
2022-07-21 22:48:59.803000+00:00,,,,,,5.1,
2022-07-21 23:12:44.525000+00:00,,,2169.61,,,,
2022-07-21 23:15:44.428000+00:00,,,,0.0,,,
2022-07-21 23:18:44.485000+00:00,,,,,0.0,,
2022-07-21 23:21:59.908000+00:00,,,,,,5.0,
2022-07-21 23:39:59.726000+00:00,7.919999,,,,,,
2022-07-21 23:45:44.417000+00:00,,,1966.03,,,,
2022-07-21 23:54:59.694000+00:00,,,,,,5.1,
2022-07-22 00:12:59.805000+00:00,7.919999,,,,,,
2022-07-22 00:15:44.334000+00:00,,296.5,,,,,
2022-07-22 00:18:59.633000+00:00,,,1901.76,,,,
2022-07-22 00:21:59.815000+00:00,,,,0.0,,,
2022-07-22 00:51:59.739000+00:00,,,2082.29,,,,
2022-07-22 00:54:59.707000+00:00,,,,0.0,,,
2022-07-22 00:57:44.268000+00:00,,,,,0.0,,
2022-07-22 01:00:59.576000+00:00,,,,,,5.1,
2022-07-22 01:21:44.208000+00:00,,294.4,,,,,
2022-07-22 01:24:44.212000+00:00,,,1651.33,,,,
2022-07-22 01:30:44.215000+00:00,,,,,0.0,,
2022-07-22 01:33:44.210000+00:00,,,,,,5.2,
2022-07-22 01:51:44.165000+00:00,7.959999,,,,,,
2022-07-22 01:57:44.165000+00:00,,,1832.06,,,,
2022-07-22 02:03:44.152000+00:00,,,,,0.0,,
2022-07-22 02:06:44.152000+00:00,,,,,,5.1,
2022-07-22 02:24:44.106000+00:00,7.929999,,,,,,
2022-07-22 02:27:44.111000+00:00,,305.7,,,,,
2022-07-22 02:30:44.081000+00:00,,,1834.86,,,,
2022-07-22 02:36:44.093000+00:00,,,,,0.0,,
2022-07-22 02:39:59.404000+00:00,,,,,,5.0,
2022-07-22 03:03:44.061000+00:00,,,1758.62,,,,
2022-07-22 03:12:59.484000+00:00,,,,,,5.0,
2022-07-22 03:30:44.016000+00:00,7.929999,,,,,,
2022-07-22 03:33:59.305000+00:00,,304.2,,,,,
2022-07-22 03:36:59.317000+00:00,,,1970.39,,,,
2022-07-22 03:39:44+00:00,,,,0.0,,,
2022-07-22 03:42:59.433000+00:00,,,,,0.0,,
2022-07-22 03:45:59.270000+00:00,,,,,,4.9,
2022-07-22 04:06:43.943000+00:00,,303.2,,,,,
2022-07-22 04:12:59.241000+00:00,,,,0.0,,,
2022-07-22 04:15:43.912000+00:00,,,,,0.0,,
2022-07-22 04:36:43.903000+00:00,7.939999,,,,,,
2022-07-22 04:39:43.877000+00:00,,306.0,,,,,
2022-07-22 04:42:43.853000+00:00,,,1987.72,,,,
2022-07-22 04:45:59.318000+00:00,,,,0.0,,,
2022-07-22 04:51:43.875000+00:00,,,,,,4.8,
2022-07-22 05:12:59.267000+00:00,,301.1999,,,,,
2022-07-22 05:15:43.825000+00:00,,,2020.86,,,,
2022-07-22 05:18:43.828000+00:00,,,,0.0,,,
2022-07-22 05:42:59.222000+00:00,7.969999,,,,,,
2022-07-22 05:48:59.230000+00:00,,,2170.46,,,,
2022-07-22 05:57:59.053000+00:00,,,,,,4.7,
2022-07-22 06:50:01.429000+00:00,7.969999,,,,,,
2022-07-22 06:52:22.419000+00:00,,298.2,,,,,
2022-07-22 06:53:41.987000+00:00,,,2169.93,,,,
2022-07-22 07:29:57.044000+00:00,7.969999,,,,,,
2022-07-22 07:36:12.474000+00:00,,,,,0.0,,
2022-07-22 07:42:12.461000+00:00,,,,,,,0.39
2022-07-22 08:21:56.924000+00:00,7.959999,,,,,,
2022-07-22 09:02:12.204000+00:00,,,,0.0,,,
2022-07-22 09:17:12.150000+00:00,,,,,0.0,,
2022-07-22 09:32:12.268000+00:00,,,,,,4.4,
2022-07-22 11:01:56.654000+00:00,,285.8,,,,,
2022-07-22 11:17:11.670000+00:00,,,2523.32,,,,
2022-07-22 11:32:12.070000+00:00,,,,0.0,,,
2022-07-22 11:47:11.893000+00:00,,,,,0.0,,
2022-07-22 12:01:56.558000+00:00,,,,,,4.1,
2022-07-22 13:16:56.462000+00:00,8.009999,,,,,,
2022-07-22 13:32:11.651000+00:00,,282.4,,,,,
2022-07-22 13:47:11.866000+00:00,,,2534.84,,,,
2022-07-22 14:01:56.384000+00:00,,,,0.0,,,
2022-07-22 14:17:11.436000+00:00,,,,,0.0,,
2022-07-22 14:31:56.352000+00:00,,,,,,4.5,
2022-07-22 15:47:11.279000+00:00,7.969999,,,,,,
2022-07-22 16:17:11.394000+00:00,,,2489.99,,,,
2022-07-22 16:32:11.472000+00:00,,,,0.0,,,
2022-07-22 16:47:11.577000+00:00,,,,,0.0,,
2022-07-22 17:02:11.556000+00:00,,,,,,5.0,
2022-07-22 18:32:10.998000+00:00,,285.2,,,,,
2022-07-22 18:46:55.896000+00:00,,,2653.73,,,,
2022-07-22 19:01:55.630000+00:00,,,,0.0,,,
2022-07-22 19:16:55.586000+00:00,,,,,0.0,,
2022-07-22 19:32:10.894000+00:00,,,,,,5.2,
2022-07-22 20:46:55.665000+00:00,7.929999,,,,,,
2022-07-22 21:01:55.413000+00:00,,284.1,,,,,
2022-07-22 21:31:55.377000+00:00,,,,0.0,,,
2022-07-22 21:47:10.774000+00:00,,,,,0.0,,
2022-07-22 22:01:55.549000+00:00,,,,,,5.1,
2022-07-22 23:31:55.365000+00:00,,284.7,,,,,
2022-07-23 00:01:55.078000+00:00,,,,0.0,,,
2022-07-23 00:16:55.044000+00:00,,,,,0.0,,
2022-07-23 00:32:10.321000+00:00,,,,,,4.8,
2022-07-23 01:46:55.119000+00:00,7.959999,,,,,,
2022-07-23 02:02:10.167000+00:00,,282.1,,,,,
2022-07-23 02:16:55.051000+00:00,,,2587.9,,,,
2022-07-23 02:32:10.098000+00:00,,,,0.0,,,
2022-07-23 03:02:10.035000+00:00,,,,,,4.6,
2022-07-23 04:16:54.835000+00:00,7.949999,,,,,,
2022-07-23 05:02:10.088000+00:00,,,,0.0,,,
2022-07-23 05:17:10.049000+00:00,,,,,0.0,,
2022-07-23 06:46:54.320000+00:00,7.969999,,,,,,
2022-07-23 07:02:09.764000+00:00,,281.6,,,,,
2022-07-23 07:16:54.519000+00:00,,,2724.32,,,,
2022-07-23 07:32:09.553000+00:00,,,,0.0,,,
2022-07-23 09:16:54.061000+00:00,7.969999,,,,,,
2022-07-23 09:31:54.016000+00:00,,281.9,,,,,
2022-07-23 10:02:09.528000+00:00,,,,0.0,,,
2022-07-23 10:16:54.202000+00:00,,,,,0.0,,
2022-07-23 10:32:09.234000+00:00,,,,,,3.6,
2022-07-23 11:47:09.523000+00:00,7.979999,,,,,,
2022-07-23 12:01:54.021000+00:00,,280.9,,,,,
2022-07-23 12:31:53.768000+00:00,,,,0.0,,,
2022-07-23 12:47:09.076000+00:00,,,,,0.0,,
2022-07-23 13:02:09.273000+00:00,,,,,,3.5,
2022-07-23 13:17:09.393000+00:00,,,,,,,0.41
2022-07-23 14:17:09.147000+00:00,7.969999,,,,,,
2022-07-23 14:32:09.280000+00:00,,281.6,,,,,
2022-07-23 15:02:08.958000+00:00,,,,0.0,,,
2022-07-23 15:31:53.719000+00:00,,,,,,3.9,
2022-07-23 17:01:53.556000+00:00,,283.8,,,,,
2022-07-23 17:16:53.285000+00:00,,,2776.579,,,,
2022-07-23 17:46:53.230000+00:00,,,,,0.0,,
2022-07-23 18:01:53.202000+00:00,,,,,,4.3,
2022-07-23 19:17:08.366000+00:00,7.979999,,,,,,
2022-07-23 19:32:08.746000+00:00,,284.7,,,,,
2022-07-23 19:46:53.242000+00:00,,,3124.82,,,,
2022-07-23 20:01:52.976000+00:00,,,,0.0,,,
2022-07-23 20:16:52.957000+00:00,,,,,0.0,,
2022-07-23 20:32:08.242000+00:00,,,,,,4.0,
2022-07-23 21:46:53.022000+00:00,7.979999,,,,,,
2022-07-23 22:01:52.728000+00:00,,289.0,,,,,
2022-07-23 22:16:52.734000+00:00,,,3145.349,,,,
2022-07-23 22:47:07.964000+00:00,,,,,0.0,,
2022-07-24 00:16:52.758000+00:00,8.009999,,,,,,
2022-07-24 00:32:07.939000+00:00,,294.2,,,,,
2022-07-24 00:47:08.188000+00:00,,,3135.89,,,,
2022-07-24 01:01:52.689000+00:00,,,,0.0,,,
2022-07-24 01:17:07.700000+00:00,,,,,0.0,,
2022-07-24 03:16:52.430000+00:00,,,2920.21,,,,
2022-07-24 03:31:52.161000+00:00,,,,0.0,,,
2022-07-24 05:32:07.504000+00:00,,308.3,,,,,
2022-07-24 05:46:52.141000+00:00,,,2850.559,,,,
2022-07-24 06:16:51.838000+00:00,,,,,0.0,,
2022-07-24 06:31:51.809000+00:00,,,,,,3.3,
2022-07-24 07:46:51.934000+00:00,8.0,,,,,,
2022-07-24 08:01:51.650000+00:00,,308.9,,,,,
2022-07-24 08:31:51.843000+00:00,,,,0.0,,,
2022-07-24 08:46:51.556000+00:00,,,,,0.0,,
2022-07-24 10:16:51.414000+00:00,8.029999,,,,,,
2022-07-24 10:47:07.076000+00:00,,,2229.079,,,,
2022-07-24 11:16:51.574000+00:00,,,,,0.0,,
2022-07-24 12:46:51.438000+00:00,8.029999,,,,,,
2022-07-24 13:02:06.645000+00:00,,309.8,,,,,
2022-07-24 13:17:06.866000+00:00,,,2822.179,,,,
2022-07-24 13:32:06.835000+00:00,,,,0.0,,,
2022-07-24 13:47:06.665000+00:00,,,,,0.0,,
2022-07-24 15:16:50.965000+00:00,8.029999,,,,,,
2022-07-24 15:31:50.953000+00:00,,312.0,,,,,
2022-07-24 15:46:50.935000+00:00,,,2813.719,,,,
2022-07-24 16:02:06.197000+00:00,,,,0.0,,,
2022-07-24 16:32:06.307000+00:00,,,,,,3.5,
2022-07-24 17:46:50.723000+00:00,7.949999,,,,,,
2022-07-24 18:02:06.005000+00:00,,316.2,,,,,
2022-07-24 20:16:50.421000+00:00,7.949999,,,,,,
2022-07-24 21:16:50.580000+00:00,,,,,0.0,,
2022-07-24 21:32:05.777000+00:00,,,,,,4.2,
2022-07-24 22:47:05.873000+00:00,7.949999,,,,,,
2022-07-24 23:16:50.334000+00:00,,,2813.55,,,,
2022-07-24 23:31:50.089000+00:00,,,,0.0,,,
2022-07-25 02:01:50.041000+00:00,,,,0.0,,,
2022-07-25 02:16:49.781000+00:00,,,,,0.0,,
2022-07-25 02:32:05.216000+00:00,,,,,,4.1,
2022-07-25 03:46:49.604000+00:00,7.969999,,,,,,
2022-07-25 04:02:04.881000+00:00,,320.5999,,,,,
2022-07-25 04:17:05.265000+00:00,,,2912.909,,,,
2022-07-25 04:47:04.823000+00:00,,,,,0.0,,
2022-07-25 05:02:05.030000+00:00,,,,,,3.9,
2022-07-25 06:16:49.314000+00:00,7.959999,,,,,,
2022-07-25 06:31:49.325000+00:00,,321.8,,,,,
2022-07-25 07:16:49.642000+00:00,,,,,0.0,,
2022-07-25 07:31:49.349000+00:00,,,,,,0.0,
2022-07-25 08:53:06.675000+00:00,7.949999,,,,,,
2022-07-25 08:53:06.676000+00:00,7.949999,,,,,,
2022-07-25 09:03:06.645000+00:00,,284.2,,,,,
2022-07-25 09:03:06.646000+00:00,,284.2,,,,,
2022-07-25 09:13:06.617000+00:00,,,3031.78,,,,
2022-07-25 09:23:06.606000+00:00,,,,0.0,,,
2022-07-25 09:33:06.566000+00:00,,,,,0.0,,
2022-07-25 09:43:06.572000+00:00,,,,,,3.4,
2022-07-25 09:53:06.544000+00:00,8.0,,,,,,
2022-07-25 10:03:06.524000+00:00,,299.5,,,,,
2022-07-25 10:13:06.504000+00:00,,,3072.579,,,,
2022-07-25 10:23:06.489000+00:00,,,,0.0,,,
2022-07-25 10:33:06.471000+00:00,,,,,0.0,,
2022-07-25 10:43:06.450000+00:00,,,,,,3.4,
2022-07-25 10:53:06.440000+00:00,8.009999,,,,,,
2022-07-25 11:03:06.410000+00:00,,301.6,,,,,
2022-07-25 11:13:06.407000+00:00,,,3058.04,,,,
2022-07-25 11:23:06.398000+00:00,,,,0.0,,,
2022-07-25 11:33:06.372000+00:00,,,,,0.0,,
2022-07-25 11:43:06.368000+00:00,,,,,,3.6,
2022-07-25 11:53:06.349000+00:00,8.009999,,,,,,
2022-07-25 12:03:06.328000+00:00,,300.3,,,,,
2022-07-25 12:13:06.324000+00:00,,,3035.78,,,,
2022-07-25 12:23:06.328000+00:00,,,,0.0,,,
2022-07-25 12:33:06.293000+00:00,,,,,0.0,,
2022-07-25 12:43:06.286000+00:00,,,,,,3.5,
2022-07-25 12:53:06.279000+00:00,8.029999,,,,,,
2022-07-25 13:03:06.263000+00:00,,300.0,,,,,
2022-07-25 13:13:06.244000+00:00,,,2965.16,,,,
2022-07-25 13:13:06.245000+00:00,,,2965.16,,,,
2022-07-25 13:23:06.233000+00:00,,,,0.0,,,
2022-07-25 13:33:06.228000+00:00,,,,,0.0,,
2022-07-25 13:43:06.212000+00:00,,,,,,3.8,
2022-07-25 13:53:06.172000+00:00,8.019999,,,,,,
2022-07-25 14:03:06.155000+00:00,,298.9,,,,,
2022-07-25 14:13:06.162000+00:00,,,2897.969,,,,
2022-07-25 14:23:06.154000+00:00,,,,0.0,,,
2022-07-25 14:33:06.115000+00:00,,,,,0.0,,
2022-07-25 14:43:06.119000+00:00,,,,,,3.9,
2022-07-25 14:53:06.083000+00:00,8.009999,,,,,,
2022-07-25 15:03:06.066000+00:00,,298.0,,,,,
2022-07-25 15:13:06.046000+00:00,,,2976.75,,,,
2022-07-25 15:23:06.050000+00:00,,,,0.0,,,
2022-07-25 15:33:06.026000+00:00,,,,,0.0,,
2022-07-25 15:43:06+00:00,,,,,,4.2,
2022-07-25 15:53:05.977000+00:00,8.009999,,,,,,
2022-07-25 16:03:05.953000+00:00,,295.6,,,,,
2022-07-25 16:13:05.954000+00:00,,,2948.889,,,,
2022-07-25 16:23:05.935000+00:00,,,,0.0,,,
2022-07-25 16:33:05.906000+00:00,,,,,0.0,,
2022-07-25 16:43:05.888000+00:00,,,,,,4.4,
2022-07-25 16:53:05.868000+00:00,7.99,,,,,,
2022-07-25 17:03:05.845000+00:00,,296.5,,,,,
2022-07-25 17:13:05.848000+00:00,,,2930.53,,,,
2022-07-25 17:23:05.818000+00:00,,,,0.0,,,
2022-07-25 17:33:05.821000+00:00,,,,,0.0,,
2022-07-25 17:43:05.794000+00:00,,,,,,4.8,
2022-07-25 17:53:05.774000+00:00,7.99,,,,,,
2022-07-25 18:03:05.751000+00:00,,296.1999,,,,,
2022-07-25 18:13:05.719000+00:00,,,2870.05,,,,
2022-07-25 18:23:05.720000+00:00,,,,0.0,,,
2022-07-25 18:33:05.691000+00:00,,,,,0.0,,
2022-07-25 18:43:05.686000+00:00,,,,,,4.9,
2022-07-25 18:53:05.648000+00:00,7.99,,,,,,
2022-07-25 19:03:05.649000+00:00,,296.5,,,,,
2022-07-25 19:13:05.618000+00:00,,,2978.19,,,,
2022-07-25 19:23:05.599000+00:00,,,,0.0,,,
2022-07-25 19:33:05.597000+00:00,,,,,0.0,,
2022-07-25 19:43:05.574000+00:00,,,,,,5.0,
2022-07-25 19:53:05.527000+00:00,7.979999,,,,,,
2022-07-25 20:03:05.511000+00:00,,296.8,,,,,
2022-07-25 20:13:05.494000+00:00,,,2799.91,,,,
2022-07-25 20:23:05.478000+00:00,,,,0.0,,,
2022-07-25 20:33:05.474000+00:00,,,,,0.0,,
2022-07-25 20:43:05.453000+00:00,,,,,,5.2,
2022-07-25 20:53:05.456000+00:00,7.959999,,,,,,
2022-07-25 21:03:05.399000+00:00,,298.1,,,,,
2022-07-25 21:13:05.417000+00:00,,,2968.219,,,,
2022-07-25 21:23:05.388000+00:00,,,,0.0,,,
2022-07-25 21:33:05.364000+00:00,,,,,0.0,,
2022-07-25 21:43:05.351000+00:00,,,,,,5.4,
2022-07-25 21:53:05.345000+00:00,7.959999,,,,,,
2022-07-25 22:03:05.362000+00:00,,298.8,,,,,
2022-07-25 22:13:05.307000+00:00,,,2934.3,,,,
2022-07-25 22:23:05.285000+00:00,,,,0.0,,,
2022-07-25 22:33:05.245000+00:00,,,,,0.0,,
2022-07-25 22:43:05.234000+00:00,,,,,,5.3,
2022-07-25 22:53:05.230000+00:00,7.969999,,,,,,
2022-07-25 23:03:05.222000+00:00,,299.0,,,,,
2022-07-25 23:13:05.187000+00:00,,,2826.769,,,,
2022-07-25 23:23:05.167000+00:00,,,,0.0,,,
2022-07-25 23:33:05.131000+00:00,,,,,0.0,,
2022-07-25 23:43:05.135000+00:00,,,,,,5.4,
2022-07-25 23:53:05.110000+00:00,7.979999,,,,,,
2022-07-26 00:03:05.099000+00:00,,298.7,,,,,
2022-07-26 00:13:05.090000+00:00,,,2887.48,,,,
2022-07-26 00:23:05.051000+00:00,,,,0.0,,,
2022-07-26 00:33:05.042000+00:00,,,,,0.0,,
2022-07-26 00:43:05.022000+00:00,,,,,,5.4,
2022-07-26 00:53:05.012000+00:00,7.99,,,,,,
2022-07-26 01:03:04.982000+00:00,,297.8,,,,,
2022-07-26 01:13:04.973000+00:00,,,2893.59,,,,
2022-07-26 01:23:04.976000+00:00,,,,0.0,,,
2022-07-26 01:33:04.926000+00:00,,,,,0.0,,
2022-07-26 01:43:04.910000+00:00,,,,,,5.4,
2022-07-26 01:53:04.894000+00:00,7.949999,,,,,,
2022-07-26 02:03:04.865000+00:00,,300.0,,,,,
2022-07-26 02:13:04.849000+00:00,,,2828.929,,,,
2022-07-26 02:23:04.846000+00:00,,,,0.0,,,
2022-07-26 02:33:04.815000+00:00,,,,,0.0,,
2022-07-26 02:43:04.776000+00:00,,,,,,5.4,
2022-07-26 02:53:04.801000+00:00,7.949999,,,,,,
2022-07-26 03:03:04.754000+00:00,,300.4,,,,,
2022-07-26 03:13:04.739000+00:00,,,2971.99,,,,
2022-07-26 03:23:04.728000+00:00,,,,0.0,,,
2022-07-26 03:33:04.705000+00:00,,,,,0.0,,
2022-07-26 03:43:04.685000+00:00,,,,,,5.4,
2022-07-26 03:53:04.670000+00:00,7.969999,,,,,,
2022-07-26 04:03:04.640000+00:00,,299.9,,,,,
2022-07-26 04:13:04.647000+00:00,,,2801.659,,,,
2022-07-26 04:23:04.608000+00:00,,,,0.0,,,
2022-07-26 04:33:04.611000+00:00,,,,,0.0,,
2022-07-26 04:43:04.585000+00:00,,,,,,5.4,
2022-07-26 04:53:04.576000+00:00,7.969999,,,,,,
2022-07-26 05:03:04.549000+00:00,,300.3,,,,,
2022-07-26 05:13:04.534000+00:00,,,2254.33,,,,
2022-07-26 05:23:04.514000+00:00,,,,0.0,,,
2022-07-26 05:33:04.510000+00:00,,,,,0.0,,
2022-07-26 05:43:04.472000+00:00,,,,,,5.899999,
2022-07-26 05:53:04.477000+00:00,7.919999,,,,,,
2022-07-26 06:03:04.426000+00:00,,404.9,,,,,
2022-07-26 06:13:04.421000+00:00,,,1539.77,,,,
2022-07-26 06:23:04.413000+00:00,,,,0.0,,,
2022-07-26 06:33:04.390000+00:00,,,,,0.0,,
2022-07-26 06:43:04.346000+00:00,,,,,,6.0,
2022-07-26 06:53:04.375000+00:00,7.9,,,,,,
2022-07-26 07:03:04.326000+00:00,,427.5999,,,,,
2022-07-26 07:13:04.290000+00:00,,,1538.69,,,,
2022-07-26 07:23:04.277000+00:00,,,,0.0,,,
2022-07-26 07:33:04.279000+00:00,,,,,0.0,,
2022-07-26 07:43:04.276000+00:00,,,,,,6.199999,
2022-07-26 07:53:04.223000+00:00,7.889999,,,,,,
2022-07-26 08:03:04.246000+00:00,,490.2999,,,,,
2022-07-26 08:13:04.202000+00:00,,,1901.84,,,,
2022-07-26 08:23:04.186000+00:00,,,,0.0,,,
2022-07-26 08:33:04.142000+00:00,,,,,0.0,,
2022-07-26 08:43:04.136000+00:00,,,,,,6.0,
2022-07-26 08:53:04.117000+00:00,7.949999,,,,,,
2022-07-26 09:03:04.084000+00:00,,456.5,,,,,
2022-07-26 09:13:04.058000+00:00,,,1991.27,,,,
2022-07-26 09:23:04.075000+00:00,,,,0.0,,,
2022-07-26 09:33:04.023000+00:00,,,,,0.0,,
2022-07-26 09:43:04.029000+00:00,,,,,,6.299999,
2022-07-26 09:53:04.008000+00:00,7.99,,,,,,
2022-07-26 10:03:03.993000+00:00,,476.1999,,,,,
2022-07-26 10:13:03.954000+00:00,,,1778.99,,,,
2022-07-26 10:13:03.961000+00:00,,,1778.99,,,,
2022-07-26 10:23:03.934000+00:00,,,,0.0,,,
2022-07-26 10:33:03.942000+00:00,,,,,0.0,,
2022-07-26 10:43:03.943000+00:00,,,,,,6.5,
2022-07-26 10:53:03.963000+00:00,8.019999,,,,,,
2022-07-26 11:03:03.913000+00:00,,494.4999,,,,,
2022-07-26 11:13:03.877000+00:00,,,1500.89,,,,
2022-07-26 11:23:03.879000+00:00,,,,0.0,,,
2022-07-26 11:33:03.848000+00:00,,,,,0.0,,
2022-07-26 11:43:03.833000+00:00,,,,,,6.699999,
2022-07-26 11:53:03.832000+00:00,8.069999,,,,,,
2022-07-26 12:03:03.812000+00:00,,543.5998,,,,,
2022-07-26 12:13:03.789000+00:00,,,1437.23,,,,
2022-07-26 12:23:03.788000+00:00,,,,0.0,,,
2022-07-26 12:33:03.765000+00:00,,,,,0.0,,
2022-07-26 12:43:03.773000+00:00,,,,,,6.799999,
2022-07-26 12:53:03.712000+00:00,8.059998,,,,,,
2022-07-26 13:03:03.764000+00:00,,558.3999,,,,,
2022-07-26 13:13:03.709000+00:00,,,1566.61,,,,
2022-07-26 13:23:03.663000+00:00,,,,0.0,,,
2022-07-26 13:33:03.687000+00:00,,,,,0.0,,
2022-07-26 13:43:03.646000+00:00,,,,,,7.0,
2022-07-26 13:53:03.627000+00:00,8.059998,,,,,,
2022-07-26 14:03:03.630000+00:00,,570.3999,,,,,
2022-07-26 14:13:03.601000+00:00,,,1527.25,,,,
2022-07-26 14:23:03.625000+00:00,,,,0.0,,,
2022-07-26 14:33:03.584000+00:00,,,,,0.0,,
2022-07-26 14:43:03.537000+00:00,,,,,,7.4,
2022-07-26 14:53:03.563000+00:00,8.059998,,,,,,
2022-07-26 15:03:03.543000+00:00,,599.0999,,,,,
2022-07-26 15:13:03.500000+00:00,,,1476.08,,,,
2022-07-26 15:23:03.477000+00:00,,,,0.0,,,
2022-07-26 15:33:03.485000+00:00,,,,,0.0,,
2022-07-26 15:43:03.463000+00:00,,,,,,7.5,
2022-07-26 15:53:03.436000+00:00,8.0,,,,,,
2022-07-26 16:03:03.439000+00:00,,587.6999,,,,,
2022-07-26 16:13:03.413000+00:00,,,1645.04,,,,
2022-07-26 16:13:03.418000+00:00,,,1645.04,,,,
2022-07-26 16:23:03.398000+00:00,,,,0.0,,,
2022-07-26 16:33:03.376000+00:00,,,,,0.0,,
2022-07-26 16:43:03.376000+00:00,,,,,,7.599999,
2022-07-26 16:53:03.342000+00:00,7.929999,,,,,,
2022-07-26 17:03:03.326000+00:00,,505.1999,,,,,
2022-07-26 17:13:03.303000+00:00,,,2091.08,,,,
2022-07-26 17:23:03.288000+00:00,,,,0.0,,,
2022-07-26 17:33:03.253000+00:00,,,,,0.0,,
2022-07-26 17:43:03.242000+00:00,,,,,,7.5,
2022-07-26 17:53:03.229000+00:00,7.86,,,,,,
2022-07-26 18:03:03.223000+00:00,,484.8,,,,,
2022-07-26 18:13:03.200000+00:00,,,2316.09,,,,
2022-07-26 18:23:03.185000+00:00,,,,0.0,,,
2022-07-26 18:33:03.166000+00:00,,,,,0.0,,
2022-07-26 18:43:03.139000+00:00,,,,,,7.599999,
2022-07-26 18:53:03.124000+00:00,7.849999,,,,,,
2022-07-26 19:03:03.103000+00:00,,486.3999,,,,,
2022-07-26 19:13:03.080000+00:00,,,2435.26,,,,
2022-07-26 19:23:03.065000+00:00,,,,0.0,,,
2022-07-26 19:33:03.031000+00:00,,,,,0.0,,
2022-07-26 19:43:03.016000+00:00,,,,,,7.7,
2022-07-26 19:53:02.988000+00:00,7.849999,,,,,,
2022-07-26 20:03:03.009000+00:00,,470.0,,,,,
2022-07-26 20:13:02.964000+00:00,,,2584.53,,,,
2022-07-26 20:23:02.954000+00:00,,,,0.0,,,
2022-07-26 20:33:02.921000+00:00,,,,,0.0,,
2022-07-26 20:43:02.915000+00:00,,,,,,7.599999,
2022-07-26 20:53:02.883000+00:00,7.83,,,,,,
2022-07-26 21:03:02.876000+00:00,,459.2999,,,,,
2022-07-26 21:13:02.856000+00:00,,,2561.99,,,,
2022-07-26 21:23:02.845000+00:00,,,,0.0,,,
2022-07-26 21:33:02.839000+00:00,,,,,0.0,,
2022-07-26 21:43:02.825000+00:00,,,,,,7.5,
2022-07-26 21:53:02.786000+00:00,7.79,,,,,,
2022-07-26 22:03:02.737000+00:00,,443.5999,,,,,
2022-07-26 22:13:02.749000+00:00,,,2721.78,,,,
2022-07-26 22:23:02.701000+00:00,,,,0.0,,,
2022-07-26 22:33:02.716000+00:00,,,,,0.0,,
2022-07-26 22:43:02.693000+00:00,,,,,,7.099999,
2022-07-26 22:53:02.677000+00:00,7.839999,,,,,,
2022-07-26 23:03:02.678000+00:00,,450.5,,,,,
2022-07-26 23:13:02.633000+00:00,,,2654.81,,,,
2022-07-26 23:23:02.625000+00:00,,,,0.0,,,
2022-07-26 23:33:02.603000+00:00,,,,,0.0,,
2022-07-26 23:43:02.587000+00:00,,,,,,6.699999,
2022-07-26 23:53:02.571000+00:00,7.909999,,,,,,
2022-07-27 00:03:02.554000+00:00,,449.6999,,,,,
2022-07-27 00:13:02.541000+00:00,,,2574.0,,,,
2022-07-27 00:23:02.515000+00:00,,,,0.0,,,
2022-07-27 00:33:02.495000+00:00,,,,,0.0,,
2022-07-27 00:43:02.485000+00:00,,,,,,6.699999,
2022-07-27 00:53:02.448000+00:00,7.9,,,,,,
2022-07-27 01:03:02.452000+00:00,,446.0,,,,,
2022-07-27 01:13:02.416000+00:00,,,2167.77,,,,
2022-07-27 01:23:02.373000+00:00,,,,0.0,,,
2022-07-27 01:33:02.365000+00:00,,,,,0.0,,
2022-07-27 01:43:02.358000+00:00,,,,,,6.899999,
2022-07-27 01:53:02.333000+00:00,7.879999,,,,,,
2022-07-27 02:03:02.325000+00:00,,444.6999,,,,,
2022-07-27 02:13:02.295000+00:00,,,1849.07,,,,
2022-07-27 02:23:02.275000+00:00,,,,0.0,,,
2022-07-27 02:23:02.276000+00:00,,,,0.0,,,
2022-07-27 02:33:02.279000+00:00,,,,,0.0,,
2022-07-27 02:43:02.262000+00:00,,,,,,6.899999,
2022-07-27 02:53:02.210000+00:00,7.889999,,,,,,
2022-07-27 03:03:02.215000+00:00,,440.3999,,,,,
2022-07-27 03:13:02.203000+00:00,,,2678.539,,,,
2022-07-27 03:23:02.160000+00:00,,,,0.0,,,
2022-07-27 03:33:02.187000+00:00,,,,,0.0,,
2022-07-27 03:43:02.158000+00:00,,,,,,6.799999,
2022-07-27 03:53:02.102000+00:00,7.889999,,,,,,
2022-07-27 04:03:02.123000+00:00,,438.1,,,,,
2022-07-27 04:13:02.097000+00:00,,,2396.51,,,,
2022-07-27 04:23:02.090000+00:00,,,,0.0,,,
2022-07-27 04:33:02.043000+00:00,,,,,0.0,,
2022-07-27 04:43:02.040000+00:00,,,,,,7.0,
2022-07-27 04:53:02.031000+00:00,7.819999,,,,,,
2022-07-27 05:03:01.983000+00:00,,657.3998,,,,,
2022-07-27 05:13:01.987000+00:00,,,1631.63,,,,
2022-07-27 05:23:01.965000+00:00,,,,0.0,,,
2022-07-27 05:23:01.966000+00:00,,,,0.0,,,
2022-07-27 05:33:01.926000+00:00,,,,,0.0,,
2022-07-27 05:33:01.935000+00:00,,,,,0.0,,
2022-07-27 05:43:01.947000+00:00,,,,,,6.899999,
2022-07-27 05:53:01.916000+00:00,7.839999,,,,,,
2022-07-27 06:03:01.898000+00:00,,426.5999,,,,,
2022-07-27 06:13:01.877000+00:00,,,3392.659,,,,
2022-07-27 06:23:01.847000+00:00,,,,0.0,,,
2022-07-27 06:33:01.852000+00:00,,,,,0.0,,
2022-07-27 06:43:01.797000+00:00,,,,,,6.599999,
2022-07-27 06:53:01.800000+00:00,7.779999,,,,,,
2022-07-27 07:03:01.777000+00:00,,375.5,,,,,
2022-07-27 07:13:01.767000+00:00,,,3525.019,,,,
2022-07-27 07:23:01.745000+00:00,,,,0.0,,,
2022-07-27 07:33:01.713000+00:00,,,,,0.0,,
2022-07-27 07:43:01.672000+00:00,,,,,,6.5,
2022-07-27 07:53:01.670000+00:00,7.799999,,,,,,
2022-07-27 08:03:01.656000+00:00,,356.0,,,,,
2022-07-27 08:13:01.669000+00:00,,,3733.559,,,,
2022-07-27 08:23:01.622000+00:00,,,,0.0,,,
2022-07-27 08:33:01.629000+00:00,,,,,0.0,,
2022-07-27 08:43:01.604000+00:00,,,,,,6.399999,
2022-07-27 08:53:01.591000+00:00,7.799999,,,,,,
2022-07-27 09:03:01.572000+00:00,,346.1,,,,,
2022-07-27 09:13:01.522000+00:00,,,3873.34,,,,
2022-07-27 09:23:01.534000+00:00,,,,0.0,,,
2022-07-27 09:33:01.502000+00:00,,,,,0.0,,
2022-07-27 09:43:01.501000+00:00,,,,,,6.399999,
2022-07-27 09:53:01.477000+00:00,7.83,,,,,,
2022-07-27 10:03:01.423000+00:00,,334.0,,,,,
2022-07-27 10:13:01.418000+00:00,,,3967.349,,,,
2022-07-27 10:23:01.439000+00:00,,,,0.0,,,
2022-07-27 10:33:01.382000+00:00,,,,,0.0,,
2022-07-27 10:43:01.349000+00:00,,,,,,6.599999,
2022-07-27 10:53:01.393000+00:00,7.809999,,,,,,
2022-07-27 11:03:01.345000+00:00,,325.0,,,,,
2022-07-27 11:13:01.317000+00:00,,,4019.029,,,,
2022-07-27 11:23:01.327000+00:00,,,,0.0,,,
2022-07-27 11:33:01.306000+00:00,,,,,0.0,,
2022-07-27 11:43:01.300000+00:00,,,,,,6.399999,
2022-07-27 11:53:01.279000+00:00,7.819999,,,,,,
2022-07-27 12:03:01.257000+00:00,,316.9,,,,,
2022-07-27 12:13:01.271000+00:00,,,4091.929,,,,
2022-07-27 12:23:01.257000+00:00,,,,0.0,,,
2022-07-27 12:33:01.208000+00:00,,,,,0.0,,
2022-07-27 12:43:01.231000+00:00,,,,,,6.5,
2022-07-27 12:53:01.200000+00:00,7.839999,,,,,,
2022-07-27 13:03:01.219000+00:00,,311.0,,,,,
2022-07-27 13:13:01.171000+00:00,,,4042.979,,,,
2022-07-27 13:23:01.137000+00:00,,,,0.0,,,
2022-07-27 13:33:01.113000+00:00,,,,,0.0,,
2022-07-27 13:43:01.122000+00:00,,,,,,6.599999,
2022-07-27 13:53:01.105000+00:00,7.83,,,,,,
2022-07-27 14:03:01.077000+00:00,,303.7,,,,,
2022-07-27 14:13:01.058000+00:00,,,4023.319,,,,
2022-07-27 14:23:01.065000+00:00,,,,0.0,,,
2022-07-27 14:33:01.051000+00:00,,,,,0.0,,
2022-07-27 14:43:01.023000+00:00,,,,,,6.5,
2022-07-27 14:53:00.998000+00:00,7.83,,,,,,
2022-07-27 15:03:00.986000+00:00,,300.6,,,,,
2022-07-27 15:13:00.980000+00:00,,,3964.88,,,,
2022-07-27 15:23:00.952000+00:00,,,,0.0,,,
2022-07-27 15:33:00.928000+00:00,,,,,0.0,,
2022-07-27 15:43:00.917000+00:00,,,,,,6.699999,
2022-07-27 15:53:00.886000+00:00,7.83,,,,,,
2022-07-27 16:03:00.887000+00:00,,298.0,,,,,
2022-07-27 16:13:00.857000+00:00,,,4136.619,,,,
2022-07-27 16:23:00.849000+00:00,,,,0.0,,,
2022-07-27 16:33:00.824000+00:00,,,,,0.0,,
2022-07-27 16:43:00.817000+00:00,,,,,,7.0,
2022-07-27 16:53:00.803000+00:00,7.809999,,,,,,
2022-07-27 17:03:00.771000+00:00,,298.2,,,,,
2022-07-27 17:13:00.752000+00:00,,,4202.939,,,,
2022-07-27 17:23:00.743000+00:00,,,,0.0,,,
2022-07-27 17:33:00.733000+00:00,,,,,0.0,,
2022-07-27 17:43:00.691000+00:00,,,,,,6.799999,
2022-07-27 17:43:00.699000+00:00,,,,,,6.799999,
2022-07-27 17:53:00.680000+00:00,7.809999,,,,,,
2022-07-27 18:03:00.666000+00:00,,297.4,,,,,
2022-07-27 18:03:00.668000+00:00,,297.4,,,,,
2022-07-27 18:13:00.652000+00:00,,,4092.269,,,,
2022-07-27 18:23:00.645000+00:00,,,,0.0,,,
2022-07-27 18:33:00.607000+00:00,,,,,0.0,,
2022-07-27 18:43:00.643000+00:00,,,,,,7.099999,
2022-07-27 18:53:00.570000+00:00,7.799999,,,,,,
2022-07-27 19:03:00.538000+00:00,,297.2,,,,,
2022-07-27 19:13:00.529000+00:00,,,4115.329,,,,
2022-07-27 19:23:00.495000+00:00,,,,0.0,,,
2022-07-27 19:33:00.481000+00:00,,,,,0.0,,
2022-07-27 19:43:00.498000+00:00,,,,,,7.0,
2022-07-27 19:53:00.444000+00:00,7.779999,,,,,,
2022-07-27 20:03:00.456000+00:00,,298.7,,,,,
2022-07-27 20:13:00.424000+00:00,,,4158.258,,,,
2022-07-27 20:23:00.398000+00:00,,,,0.0,,,
2022-07-27 20:33:00.379000+00:00,,,,,0.0,,
2022-07-27 20:43:00.381000+00:00,,,,,,7.2,
2022-07-27 20:53:00.364000+00:00,7.779999,,,,,,
2022-07-27 21:03:00.341000+00:00,,297.6999,,,,,
2022-07-27 21:13:00.317000+00:00,,,4107.059,,,,
2022-07-27 21:23:00.279000+00:00,,,,0.0,,,
2022-07-27 21:33:00.372000+00:00,,,,,0.0,,
2022-07-27 21:43:00.255000+00:00,,,,,,7.2,
2022-07-27 21:53:00.258000+00:00,7.779999,,,,,,
2022-07-27 22:03:00.236000+00:00,,302.3,,,,,
2022-07-27 22:13:00.198000+00:00,,,4052.289,,,,
2022-07-27 22:23:00.195000+00:00,,,,0.0,,,
2022-07-27 22:33:00.173000+00:00,,,,,0.0,,
2022-07-27 22:43:00.137000+00:00,,,,,,7.299999,
2022-07-27 22:53:00.122000+00:00,7.79,,,,,,
2022-07-27 23:03:00.150000+00:00,,304.2,,,,,
2022-07-27 23:13:00.102000+00:00,,,3972.38,,,,
2022-07-27 23:23:00.085000+00:00,,,,0.0,,,
2022-07-27 23:33:00.092000+00:00,,,,,0.0,,
2022-07-27 23:43:00.036000+00:00,,,,,,7.5,
2022-07-27 23:53:00.055000+00:00,7.799999,,,,,,
2022-07-28 00:03:00.097000+00:00,,305.0,,,,,
2022-07-28 00:12:59.994000+00:00,,,4033.199,,,,
2022-07-28 00:22:59.992000+00:00,,,,0.0,,,
2022-07-28 00:32:59.955000+00:00,,,,,0.0,,
2022-07-28 00:42:59.954000+00:00,,,,,,7.5,
2022-07-28 00:52:59.935000+00:00,7.83,,,,,,
2022-07-28 00:52:59.936000+00:00,7.83,,,,,,
2022-07-28 01:02:59.920000+00:00,,306.1999,,,,,
2022-07-28 01:12:59.888000+00:00,,,4067.539,,,,
2022-07-28 01:22:59.872000+00:00,,,,0.0,,,
2022-07-28 01:32:59.850000+00:00,,,,,0.0,,
2022-07-28 01:42:59.818000+00:00,,,,,,7.5,
2022-07-28 01:52:59.797000+00:00,7.839999,,,,,,
2022-07-28 02:02:59.770000+00:00,,308.0,,,,,
2022-07-28 02:02:59.775000+00:00,,308.0,,,,,
2022-07-28 02:12:59.761000+00:00,,,4024.499,,,,
2022-07-28 02:22:59.765000+00:00,,,,0.0,,,
2022-07-28 02:32:59.739000+00:00,,,,,0.0,,
2022-07-28 02:42:59.699000+00:00,,,,,,7.5,
2022-07-28 02:52:59.707000+00:00,7.86,,,,,,
2022-07-28 03:02:59.700000+00:00,,308.8,,,,,
2022-07-28 03:12:59.649000+00:00,,,3994.459,,,,
2022-07-28 03:22:59.636000+00:00,,,,0.0,,,
2022-07-28 03:32:59.645000+00:00,,,,,0.0,,
2022-07-28 03:42:59.606000+00:00,,,,,,7.599999,
2022-07-28 03:52:59.597000+00:00,7.86,,,,,,
2022-07-28 04:02:59.564000+00:00,,311.4,,,,,
2022-07-28 04:12:59.573000+00:00,,,3960.71,,,,
2022-07-28 04:22:59.533000+00:00,,,,0.0,,,
2022-07-28 04:32:59.510000+00:00,,,,,0.0,,
2022-07-28 04:42:59.502000+00:00,,,,,,7.5,
2022-07-28 04:42:59.503000+00:00,,,,,,7.5,
2022-07-28 04:52:59.482000+00:00,7.849999,,,,,,
2022-07-28 05:02:59.474000+00:00,,314.6,,,,,
2022-07-28 05:12:59.427000+00:00,,,3827.339,,,,
2022-07-28 05:22:59.426000+00:00,,,,0.0,,,
2022-07-28 05:32:59.419000+00:00,,,,,0.0,,
2022-07-28 05:42:59.384000+00:00,,,,,,7.4,
2022-07-28 05:52:59.369000+00:00,7.779999,,,,,,
2022-07-28 06:02:59.331000+00:00,,320.7,,,,,
2022-07-28 06:12:59.327000+00:00,,,3897.539,,,,
2022-07-28 06:22:59.320000+00:00,,,,0.0,,,
2022-07-28 06:32:59.288000+00:00,,,,,0.0,,
2022-07-28 06:42:59.257000+00:00,,,,,,7.099999,
2022-07-28 06:52:59.258000+00:00,7.739999,,,,,,
2022-07-28 07:02:59.221000+00:00,,325.9,,,,,
2022-07-28 07:12:59.197000+00:00,,,3830.599,,,,
2022-07-28 07:22:59.195000+00:00,,,,0.0,,,
2022-07-28 07:32:59.183000+00:00,,,,,0.0,,
2022-07-28 07:42:59.158000+00:00,,,,,,6.899999,
2022-07-28 07:52:59.147000+00:00,7.739999,,,,,,
2022-07-28 07:52:59.148000+00:00,7.739999,,,,,,
2022-07-28 08:02:59.139000+00:00,,329.0,,,,,
2022-07-28 08:12:59.116000+00:00,,,4083.949,,,,
2022-07-28 08:22:59.081000+00:00,,,,0.0,,,
2022-07-28 08:32:59.049000+00:00,,,,,0.0,,
2022-07-28 08:42:59.047000+00:00,,,,,,6.799999,
2022-07-28 08:52:59.034000+00:00,7.769999,,,,,,
2022-07-28 09:02:59.016000+00:00,,334.0,,,,,
2022-07-28 09:12:59.001000+00:00,,,4204.239,,,,
2022-07-28 09:22:58.977000+00:00,,,,0.0,,,
