timestamp,temperatureSensor,analogInput
2022-05-06 08:54:11.402000+00:00,3276.7,
2022-05-06 09:09:11.410000+00:00,3276.7,
2022-05-06 09:24:11.404000+00:00,3276.7,
2022-05-06 09:39:11.413000+00:00,3276.7,
2022-05-06 09:54:11.419000+00:00,3276.7,
2022-05-06 10:09:11.434000+00:00,3276.7,
2022-05-06 10:24:11.422000+00:00,3276.7,
2022-05-06 10:39:11.434000+00:00,3276.7,
2022-05-06 10:54:11.435000+00:00,3276.7,
2022-05-06 11:09:11.450000+00:00,3276.7,
2022-05-06 11:24:11.437000+00:00,3276.7,
2022-05-06 11:39:11.444000+00:00,3276.7,
2022-05-06 11:54:11.453000+00:00,3276.7,
2022-05-06 12:09:11.464000+00:00,3276.7,
2022-05-06 12:24:11.453000+00:00,3276.7,
2022-05-06 12:39:11.452000+00:00,3276.7,
2022-05-06 12:54:11.458000+00:00,3276.7,
2022-05-06 13:09:11.452000+00:00,3276.7,
2022-05-06 13:24:11.463000+00:00,3276.7,
2022-05-06 13:39:11.466000+00:00,3276.7,
2022-05-06 13:54:11.468000+00:00,3276.7,
2022-05-06 14:09:11.472000+00:00,3276.7,
2022-05-06 14:24:11.490000+00:00,3276.7,
2022-05-06 14:39:11.489000+00:00,3276.7,
2022-05-06 14:54:11.485000+00:00,3276.7,
2022-05-06 15:09:11.500000+00:00,3276.7,
2022-05-06 15:24:11.507000+00:00,3276.7,
2022-05-06 15:39:11.498000+00:00,3276.7,
2022-05-06 15:54:11.503000+00:00,3276.7,
2022-05-06 16:09:11.514000+00:00,3276.7,
2022-05-06 16:24:11.517000+00:00,3276.7,
2022-05-06 16:39:11.521000+00:00,3276.7,
2022-05-06 16:39:11.522000+00:00,3276.7,
2022-05-06 16:54:11.535000+00:00,3276.7,
2022-05-06 17:09:11.542000+00:00,3276.7,
2022-05-06 17:24:11.536000+00:00,3276.7,
2022-05-06 17:39:11.567000+00:00,3276.7,
2022-05-06 17:54:11.564000+00:00,3276.7,
2022-05-06 18:09:11.569000+00:00,3276.7,
2022-05-06 18:24:11.574000+00:00,3276.7,
2022-05-06 18:39:11.591000+00:00,3276.7,
2022-05-06 18:54:11.586000+00:00,3276.7,
2022-05-06 19:09:11.615000+00:00,3276.7,
2022-05-06 19:24:11.602000+00:00,3276.7,
2022-05-06 19:39:11.639000+00:00,3276.7,
2022-05-06 19:54:11.634000+00:00,3276.7,
2022-05-06 20:09:11.618000+00:00,3276.7,
2022-05-06 20:24:11.623000+00:00,3276.7,
2022-05-06 20:39:11.665000+00:00,3276.7,
2022-05-06 20:54:11.655000+00:00,3276.7,
2022-05-06 21:09:11.671000+00:00,3276.7,
2022-05-06 21:24:11.677000+00:00,3276.7,
2022-05-06 21:39:11.704000+00:00,3276.7,
2022-05-06 21:54:11.688000+00:00,3276.7,
2022-05-06 22:09:11.695000+00:00,3276.7,
2022-05-06 22:24:11.701000+00:00,3276.7,
2022-05-06 22:39:11.737000+00:00,3276.7,
2022-05-06 22:54:11.723000+00:00,3276.7,
2022-05-06 23:09:11.751000+00:00,3276.7,
2022-05-06 23:24:11.747000+00:00,3276.7,
2022-05-06 23:39:11.763000+00:00,3276.7,
2022-05-06 23:54:11.781000+00:00,3276.7,
2022-05-07 00:09:11.788000+00:00,3276.7,
2022-05-07 00:24:11.774000+00:00,3276.7,
2022-05-07 00:39:11.793000+00:00,3276.7,
2022-05-07 00:54:11.868000+00:00,3276.7,
2022-05-07 01:09:11.805000+00:00,3276.7,
2022-05-07 01:24:11.813000+00:00,3276.7,
2022-05-07 01:39:11.831000+00:00,3276.7,
2022-05-07 01:54:11.846000+00:00,3276.7,
2022-05-07 02:09:11.854000+00:00,3276.7,
2022-05-07 02:24:11.858000+00:00,3276.7,
2022-05-07 02:39:11.867000+00:00,3276.7,
2022-05-07 02:54:11.882000+00:00,3276.7,
2022-05-07 03:09:11.888000+00:00,3276.7,
2022-05-07 03:24:11.896000+00:00,3276.7,
2022-05-07 03:39:11.915000+00:00,3276.7,
2022-05-07 03:54:11.917000+00:00,3276.7,
2022-05-07 04:09:11.924000+00:00,3276.7,
2022-05-07 04:24:11.942000+00:00,3276.7,
2022-05-07 04:39:11.951000+00:00,3276.7,
2022-05-07 04:54:11.956000+00:00,3276.7,
2022-05-07 05:09:11.963000+00:00,3276.7,
2022-05-07 05:24:11.958000+00:00,3276.7,
2022-05-07 05:39:12.006000+00:00,3276.7,
2022-05-07 05:54:11.981000+00:00,3276.7,
2022-05-07 06:09:11.991000+00:00,3276.7,
2022-05-07 06:24:11.990000+00:00,3276.7,
2022-05-07 06:39:12.024000+00:00,3276.7,
2022-05-07 06:54:11.992000+00:00,3276.7,
2022-05-07 07:09:12.015000+00:00,3276.7,
2022-05-07 07:24:12.021000+00:00,3276.7,
2022-05-07 07:39:12.012000+00:00,3276.7,
2022-05-07 07:54:12.022000+00:00,3276.7,
2022-05-07 08:09:12.029000+00:00,3276.7,
2022-05-07 08:24:12.036000+00:00,3276.7,
2022-05-07 08:39:12.070000+00:00,3276.7,
2022-05-07 08:54:12.030000+00:00,3276.7,
2022-05-07 09:09:12.047000+00:00,3276.7,
2022-05-07 09:24:12.041000+00:00,3276.7,
2022-05-07 09:39:12.083000+00:00,3276.7,
2022-05-07 09:54:12.061000+00:00,3276.7,
2022-05-07 10:09:12.072000+00:00,3276.7,
2022-05-07 10:24:12.062000+00:00,3276.7,
2022-05-07 10:39:12.087000+00:00,3276.7,
2022-05-07 10:54:12.074000+00:00,3276.7,
2022-05-07 11:09:12.084000+00:00,3276.7,
2022-05-07 11:24:12.081000+00:00,3276.7,
2022-05-07 11:39:12.084000+00:00,3276.7,
2022-05-07 11:54:12.085000+00:00,3276.7,
2022-05-07 12:09:12.088000+00:00,3276.7,
2022-05-07 12:24:12.084000+00:00,3276.7,
2022-05-07 12:39:12.122000+00:00,3276.7,
2022-05-07 12:54:12.099000+00:00,3276.7,
2022-05-07 13:09:12.096000+00:00,3276.7,
2022-05-07 13:24:12.107000+00:00,3276.7,
2022-05-07 13:39:12.236000+00:00,3276.7,
2022-05-07 13:54:12.107000+00:00,3276.7,
2022-05-07 14:09:12.107000+00:00,3276.7,
2022-05-07 14:24:12.120000+00:00,3276.7,
2022-05-07 14:39:12.136000+00:00,3276.7,
2022-05-07 14:54:12.122000+00:00,3276.7,
2022-05-07 15:09:12.143000+00:00,3276.7,
2022-05-07 15:24:12.133000+00:00,3276.7,
2022-05-07 15:39:12.163000+00:00,3276.7,
2022-05-07 15:54:12.135000+00:00,3276.7,
2022-05-07 16:09:12.176000+00:00,3276.7,
2022-05-07 16:24:12.149000+00:00,3276.7,
2022-05-07 16:39:12.246000+00:00,3276.7,
2022-05-07 16:54:12.161000+00:00,3276.7,
2022-05-07 17:09:12.189000+00:00,3276.7,
2022-05-07 17:24:12.174000+00:00,3276.7,
2022-05-07 17:39:12.187000+00:00,3276.7,
2022-05-07 17:54:12.183000+00:00,3276.7,
2022-05-07 18:09:12.215000+00:00,3276.7,
2022-05-07 18:24:12.200000+00:00,3276.7,
2022-05-07 18:39:12.228000+00:00,3276.7,
2022-05-07 18:54:12.211000+00:00,3276.7,
2022-05-07 19:09:12.252000+00:00,3276.7,
2022-05-07 19:24:12.259000+00:00,3276.7,
2022-05-07 19:39:12.265000+00:00,3276.7,
2022-05-07 19:54:12.250000+00:00,3276.7,
2022-05-07 20:09:12.288000+00:00,3276.7,
2022-05-07 20:24:12.292000+00:00,3276.7,
2022-05-07 20:39:12.311000+00:00,3276.7,
2022-05-07 20:54:12.331000+00:00,3276.7,
2022-05-07 21:09:12.313000+00:00,3276.7,
2022-05-07 21:24:12.345000+00:00,3276.7,
2022-05-07 21:39:12.349000+00:00,3276.7,
2022-05-07 21:54:12.344000+00:00,3276.7,
2022-05-07 22:09:12.382000+00:00,3276.7,
2022-05-07 22:24:12.370000+00:00,3276.7,
2022-05-07 22:39:12.415000+00:00,3276.7,
2022-05-07 22:54:12.412000+00:00,3276.7,
2022-05-07 23:09:12.431000+00:00,3276.7,
2022-05-07 23:24:12.427000+00:00,3276.7,
2022-05-07 23:39:12.409000+00:00,3276.7,
2022-05-07 23:54:12.437000+00:00,3276.7,
2022-05-08 00:09:12.481000+00:00,3276.7,
2022-05-08 00:24:12.470000+00:00,3276.7,
2022-05-08 00:39:12.474000+00:00,3276.7,
2022-05-08 00:54:12.494000+00:00,3276.7,
2022-05-08 01:09:12.548000+00:00,3276.7,
2022-05-08 01:24:12.518000+00:00,3276.7,
2022-05-08 01:39:12.560000+00:00,3276.7,
2022-05-08 01:54:12.542000+00:00,3276.7,
2022-05-08 02:09:12.563000+00:00,3276.7,
2022-05-08 02:24:12.566000+00:00,3276.7,
2022-05-08 02:39:12.618000+00:00,3276.7,
2022-05-08 02:54:12.603000+00:00,3276.7,
2022-05-08 03:09:12.620000+00:00,3276.7,
2022-05-08 03:24:12.648000+00:00,3276.7,
2022-05-08 03:39:12.659000+00:00,3276.7,
2022-05-08 03:54:12.665000+00:00,3276.7,
2022-05-08 04:09:12.671000+00:00,3276.7,
2022-05-08 04:24:12.697000+00:00,3276.7,
2022-05-08 04:46:01.958000+00:00,3276.7,
2022-05-08 05:01:01.977000+00:00,3276.7,
2022-05-08 05:16:01.979000+00:00,3276.7,
2022-05-08 05:31:01.988000+00:00,3276.7,
2022-05-08 05:46:01.995000+00:00,3276.7,
2022-05-08 06:01:02.010000+00:00,3276.7,
2022-05-08 06:16:02.048000+00:00,3276.7,
2022-05-08 06:31:02.032000+00:00,3276.7,
2022-05-08 06:46:02.030000+00:00,3276.7,
2022-05-08 07:01:02.034000+00:00,3276.7,
2022-05-08 07:16:02.042000+00:00,3276.7,
2022-05-08 07:31:02.062000+00:00,3276.7,
2022-05-08 07:46:02.058000+00:00,3276.7,
2022-05-08 08:15:19.755000+00:00,3276.7,
2022-05-08 08:30:19.776000+00:00,3276.7,
2022-05-08 08:45:19.769000+00:00,3276.7,
2022-05-08 09:00:19.802000+00:00,3276.7,
2022-05-08 09:15:19.782000+00:00,3276.7,
2022-05-08 09:30:19.791000+00:00,3276.7,
2022-05-08 09:45:19.795000+00:00,3276.7,
2022-05-08 10:00:19.852000+00:00,3276.7,
2022-05-08 10:15:19.803000+00:00,3276.7,
2022-05-08 10:30:19.907000+00:00,3276.7,
2022-05-08 10:45:19.831000+00:00,3276.7,
2022-05-08 11:00:19.818000+00:00,3276.7,
2022-05-08 11:15:19.794000+00:00,3276.7,
2022-05-08 11:30:20.065000+00:00,3276.7,
2022-05-08 11:45:19.820000+00:00,3276.7,
2022-05-08 12:00:19.816000+00:00,3276.7,
2022-05-08 12:15:19.818000+00:00,3276.7,
2022-05-08 12:30:19.821000+00:00,3276.7,
2022-05-08 12:45:19.828000+00:00,3276.7,
2022-05-08 13:00:19.829000+00:00,3276.7,
2022-05-08 13:15:19.827000+00:00,3276.7,
2022-05-08 13:30:19.838000+00:00,3276.7,
2022-05-08 13:45:19.855000+00:00,3276.7,
2022-05-08 14:00:19.853000+00:00,3276.7,
2022-05-08 14:15:19.846000+00:00,3276.7,
2022-05-08 14:30:19.864000+00:00,3276.7,
2022-05-08 14:45:19.861000+00:00,3276.7,
2022-05-08 15:00:19.866000+00:00,3276.7,
2022-05-08 15:15:19.863000+00:00,3276.7,
2022-05-08 15:30:19.879000+00:00,3276.7,
2022-05-08 15:45:19.877000+00:00,3276.7,
2022-05-08 16:00:19.874000+00:00,3276.7,
2022-05-08 16:15:19.892000+00:00,3276.7,
2022-05-08 16:30:19.899000+00:00,3276.7,
2022-05-08 16:45:19.907000+00:00,3276.7,
2022-05-08 17:00:19.903000+00:00,3276.7,
2022-05-08 17:15:19.911000+00:00,3276.7,
2022-05-08 17:30:19.917000+00:00,3276.7,
2022-05-08 17:45:19.914000+00:00,3276.7,
2022-05-08 18:00:19.930000+00:00,3276.7,
2022-05-08 18:15:19.940000+00:00,3276.7,
2022-05-08 18:30:19.932000+00:00,3276.7,
2022-05-08 18:45:19.948000+00:00,3276.7,
2022-05-08 19:00:19.957000+00:00,3276.7,
2022-05-08 19:15:19.972000+00:00,3276.7,
2022-05-08 19:30:19.981000+00:00,3276.7,
2022-05-08 19:45:20.003000+00:00,3276.7,
2022-05-08 20:00:20.004000+00:00,3276.7,
2022-05-08 20:15:20.014000+00:00,3276.7,
2022-05-08 20:30:20.019000+00:00,3276.7,
2022-05-08 20:45:20.037000+00:00,3276.7,
2022-05-08 21:00:20.049000+00:00,3276.7,
2022-05-08 21:15:20.058000+00:00,3276.7,
2022-05-08 21:30:20.065000+00:00,3276.7,
2022-05-08 21:45:20.072000+00:00,3276.7,
2022-05-08 22:00:20.088000+00:00,3276.7,
2022-05-08 22:15:20.088000+00:00,3276.7,
2022-05-08 22:30:20.113000+00:00,3276.7,
2022-05-08 22:45:20.111000+00:00,3276.7,
2022-05-08 23:00:20.129000+00:00,3276.7,
2022-05-08 23:15:20.124000+00:00,3276.7,
2022-05-08 23:30:20.138000+00:00,3276.7,
2022-05-08 23:45:20.160000+00:00,3276.7,
2022-05-09 00:00:20.164000+00:00,3276.7,
2022-05-09 00:15:20.180000+00:00,3276.7,
2022-05-09 00:30:20.178000+00:00,3276.7,
2022-05-09 00:45:20.193000+00:00,3276.7,
2022-05-09 01:00:20.201000+00:00,3276.7,
2022-05-09 01:15:20.208000+00:00,3276.7,
2022-05-09 01:30:20.222000+00:00,3276.7,
2022-05-09 01:45:20.230000+00:00,3276.7,
2022-05-09 02:00:20.239000+00:00,3276.7,
2022-05-09 02:15:20.254000+00:00,3276.7,
2022-05-09 02:30:20.260000+00:00,3276.7,
2022-05-09 02:45:20.276000+00:00,3276.7,
2022-05-09 03:00:20.282000+00:00,3276.7,
2022-05-09 03:15:20.299000+00:00,3276.7,
2022-05-09 03:30:20.317000+00:00,3276.7,
2022-05-09 03:45:20.324000+00:00,3276.7,
2022-05-09 04:00:20.334000+00:00,3276.7,
2022-05-09 04:15:20.351000+00:00,3276.7,
2022-05-09 04:30:20.354000+00:00,3276.7,
2022-05-09 04:45:20.369000+00:00,3276.7,
2022-05-09 05:00:20.368000+00:00,3276.7,
2022-05-09 05:15:20.393000+00:00,3276.7,
2022-05-09 05:30:20.397000+00:00,3276.7,
2022-05-09 05:45:20.396000+00:00,3276.7,
2022-05-09 06:00:20.399000+00:00,3276.7,
2022-05-09 06:15:20.412000+00:00,3276.7,
2022-05-09 06:30:20.432000+00:00,3276.7,
2022-05-09 06:45:20.439000+00:00,3276.7,
2022-05-09 07:00:20.437000+00:00,3276.7,
2022-05-09 07:15:20.445000+00:00,3276.7,
2022-05-09 07:30:20.453000+00:00,3276.7,
2022-05-09 07:45:20.463000+00:00,3276.7,
2022-05-09 08:00:20.457000+00:00,3276.7,
2022-05-09 08:15:20.467000+00:00,3276.7,
2022-05-09 08:30:20.470000+00:00,3276.7,
2022-05-09 08:45:20.472000+00:00,3276.7,
2022-05-09 09:00:20.477000+00:00,3276.7,
2022-05-09 09:15:20.479000+00:00,3276.7,
2022-05-09 09:30:20.519000+00:00,3276.7,
2022-05-09 09:45:20.518000+00:00,3276.7,
2022-05-09 10:00:20.499000+00:00,3276.7,
2022-05-09 10:15:20.498000+00:00,3276.7,
2022-05-09 10:30:20.503000+00:00,3276.7,
2022-05-09 10:45:20.498000+00:00,3276.7,
2022-05-09 11:00:20.509000+00:00,3276.7,
2022-05-09 11:15:20.524000+00:00,3276.7,
2022-05-09 11:30:20.520000+00:00,3276.7,
2022-05-09 11:45:20.550000+00:00,3276.7,
2022-05-09 12:00:20.525000+00:00,3276.7,
2022-05-09 12:15:20.541000+00:00,3276.7,
2022-05-09 12:30:20.570000+00:00,3276.7,
2022-05-09 12:45:20.574000+00:00,3276.7,
2022-05-09 13:00:20.550000+00:00,3276.7,
2022-05-09 13:15:20.592000+00:00,3276.7,
2022-05-09 13:30:20.564000+00:00,3276.7,
2022-05-09 13:45:20.582000+00:00,3276.7,
2022-05-09 14:00:20.578000+00:00,3276.7,
2022-05-09 14:15:20.593000+00:00,3276.7,
2022-05-09 14:30:20.603000+00:00,3276.7,
2022-05-09 14:45:20.641000+00:00,3276.7,
2022-05-09 15:00:20.613000+00:00,3276.7,
2022-05-09 15:15:20.621000+00:00,3276.7,
2022-05-09 15:30:20.620000+00:00,3276.7,
2022-05-09 15:45:20.638000+00:00,3276.7,
2022-05-09 16:00:20.620000+00:00,3276.7,
2022-05-09 16:15:20.634000+00:00,3276.7,
2022-05-09 16:30:20.638000+00:00,3276.7,
2022-05-09 16:45:20.636000+00:00,3276.7,
2022-05-09 17:00:20.632000+00:00,3276.7,
2022-05-09 17:15:20.648000+00:00,3276.7,
2022-05-09 17:30:20.659000+00:00,3276.7,
2022-05-09 17:45:20.659000+00:00,3276.7,
2022-05-09 18:00:20.659000+00:00,3276.7,
2022-05-09 18:15:20.672000+00:00,3276.7,
2022-05-09 18:30:20.691000+00:00,3276.7,
2022-05-09 18:45:20.686000+00:00,3276.7,
2022-05-09 19:00:20.692000+00:00,3276.7,
2022-05-09 19:15:20.710000+00:00,3276.7,
2022-05-09 19:30:20.721000+00:00,3276.7,
2022-05-09 19:45:20.725000+00:00,3276.7,
2022-05-09 20:00:20.730000+00:00,3276.7,
2022-05-09 20:15:20.735000+00:00,3276.7,
2022-05-09 20:30:20.764000+00:00,3276.7,
2022-05-09 20:45:20.786000+00:00,3276.7,
2022-05-09 21:00:20.767000+00:00,3276.7,
2022-05-09 21:15:20.806000+00:00,3276.7,
2022-05-09 21:30:20.822000+00:00,3276.7,
2022-05-09 21:45:20.826000+00:00,3276.7,
2022-05-09 22:00:20.824000+00:00,3276.7,
2022-05-09 22:15:20.828000+00:00,3276.7,
2022-05-09 22:30:20.846000+00:00,3276.7,
2022-05-09 22:45:20.852000+00:00,3276.7,
2022-05-09 23:00:20.859000+00:00,3276.7,
2022-05-09 23:15:20.905000+00:00,3276.7,
2022-05-09 23:30:20.894000+00:00,3276.7,
2022-05-09 23:45:20.920000+00:00,3276.7,
2022-05-10 00:00:20.908000+00:00,3276.7,
2022-05-10 00:15:20.957000+00:00,3276.7,
2022-05-10 00:30:20.955000+00:00,3276.7,
2022-05-10 00:45:20.972000+00:00,3276.7,
2022-05-10 01:00:20.951000+00:00,3276.7,
2022-05-10 01:15:20.976000+00:00,3276.7,
2022-05-10 01:30:20.990000+00:00,3276.7,
2022-05-10 01:45:21.018000+00:00,3276.7,
2022-05-10 02:00:21.010000+00:00,3276.7,
2022-05-10 02:15:21.046000+00:00,3276.7,
2022-05-10 02:30:21.052000+00:00,3276.7,
2022-05-10 02:45:21.069000+00:00,3276.7,
2022-05-10 03:00:21.055000+00:00,3276.7,
2022-05-10 03:15:21.095000+00:00,3276.7,
2022-05-10 03:30:21.367000+00:00,3276.7,
2022-05-10 03:45:21.120000+00:00,3276.7,
2022-05-10 04:00:21.105000+00:00,3276.7,
2022-05-10 04:15:21.123000+00:00,3276.7,
2022-05-10 04:30:21.134000+00:00,3276.7,
2022-05-10 04:45:21.144000+00:00,3276.7,
2022-05-10 05:00:21.169000+00:00,3276.7,
2022-05-10 05:15:21.170000+00:00,3276.7,
2022-05-10 05:30:21.175000+00:00,3276.7,
2022-05-10 05:45:21.188000+00:00,3276.7,
2022-05-10 06:00:21.199000+00:00,3276.7,
2022-05-10 06:15:21.202000+00:00,3276.7,
2022-05-10 06:30:21.197000+00:00,3276.7,
2022-05-10 06:45:21.204000+00:00,3276.7,
2022-05-10 07:00:21.210000+00:00,3276.7,
2022-05-10 07:15:21.241000+00:00,3276.7,
2022-05-10 07:30:21.250000+00:00,3276.7,
2022-05-10 07:45:21.220000+00:00,3276.7,
2022-05-10 08:00:21.220000+00:00,3276.7,
2022-05-10 08:15:21.226000+00:00,3276.7,
2022-05-10 08:30:21.240000+00:00,3276.7,
2022-05-10 08:45:21.239000+00:00,3276.7,
2022-05-10 09:00:21.246000+00:00,3276.7,
2022-05-10 09:15:21.232000+00:00,3276.7,
2022-05-10 09:30:21.257000+00:00,3276.7,
2022-05-10 09:45:21.255000+00:00,3276.7,
2022-05-10 10:00:21.250000+00:00,3276.7,
2022-05-10 10:15:21.264000+00:00,3276.7,
2022-05-10 10:30:21.273000+00:00,3276.7,
2022-05-10 10:45:21.259000+00:00,3276.7,
2022-05-10 11:00:21.276000+00:00,3276.7,
2022-05-10 11:15:21.271000+00:00,3276.7,
2022-05-10 11:30:21.287000+00:00,3276.7,
2022-05-10 11:45:21.309000+00:00,3276.7,
2022-05-10 12:00:21.304000+00:00,3276.7,
2022-05-10 12:15:21.309000+00:00,3276.7,
2022-05-10 12:30:21.316000+00:00,3276.7,
2022-05-10 12:45:21.322000+00:00,3276.7,
2022-05-10 13:00:21.331000+00:00,3276.7,
2022-05-10 13:15:21.330000+00:00,3276.7,
2022-07-20 08:58:39.902000+00:00,21.1,0.0
2022-07-20 09:13:39.923000+00:00,21.1,0.0
2022-07-20 09:28:40.007000+00:00,21.2,0.0
2022-07-20 09:43:39.953000+00:00,21.5,0.0
2022-07-20 10:05:00.005000+00:00,21.3,0.0
2022-07-20 10:20:00.046000+00:00,23.2,0.0
2022-07-20 10:35:00.018000+00:00,21.5,0.0
2022-07-20 10:50:00.040000+00:00,21.5,0.0
2022-07-20 11:05:00.032000+00:00,21.5,0.0
2022-07-20 11:20:00.058000+00:00,21.5,0.0
2022-07-20 11:35:00.069000+00:00,21.6,0.0
2022-07-20 11:50:00.124000+00:00,21.6,0.0
2022-07-20 12:05:00.150000+00:00,21.6,0.0
2022-07-20 12:20:00.146000+00:00,21.6,0.0
2022-07-20 12:35:00.166000+00:00,21.7,0.0
2022-07-20 12:50:00.224000+00:00,21.7,0.0
2022-07-20 13:05:00.246000+00:00,21.7,0.0
2022-07-20 13:20:00.260000+00:00,21.7,0.0
2022-07-20 13:35:00.275000+00:00,21.7,0.0
2022-07-20 13:50:00.288000+00:00,21.7,0.0
2022-07-20 14:05:00.333000+00:00,21.7,0.0
2022-07-20 14:20:00.352000+00:00,21.7,0.0
2022-07-20 14:35:00.370000+00:00,21.7,0.0
2022-07-20 14:50:00.407000+00:00,21.7,0.0
2022-07-20 15:05:00.413000+00:00,21.7,0.0
2022-07-20 15:20:00.462000+00:00,21.7,0.0
2022-07-20 15:35:00.456000+00:00,21.7,0.0
2022-07-20 15:50:00.511000+00:00,21.7,0.0
2022-07-20 16:05:00.518000+00:00,21.6,0.0
2022-07-20 16:20:00.527000+00:00,21.6,0.0
2022-07-20 16:35:00.541000+00:00,21.6,0.0
2022-07-20 16:50:00.577000+00:00,21.5,0.0
2022-07-20 17:05:00.602000+00:00,21.5,0.0
2022-07-20 17:20:00.594000+00:00,21.5,0.0
2022-07-20 17:35:00.607000+00:00,21.5,0.0
2022-07-20 17:50:00.634000+00:00,21.4,0.0
2022-07-20 18:05:00.660000+00:00,21.4,0.0
2022-07-20 18:20:00.662000+00:00,21.4,0.0
2022-07-20 18:35:00.703000+00:00,21.3,0.0
2022-07-20 18:50:00.708000+00:00,21.3,0.0
2022-07-20 19:05:00.729000+00:00,21.3,0.0
2022-07-20 19:20:00.753000+00:00,21.3,0.0
2022-07-20 19:35:00.746000+00:00,21.3,0.0
2022-07-20 19:50:00.762000+00:00,21.2,0.0
2022-07-20 20:05:00.813000+00:00,21.2,0.0
2022-07-20 20:20:00.822000+00:00,21.2,0.0
2022-07-20 20:35:00.810000+00:00,21.2,0.0
2022-07-20 20:50:00.828000+00:00,21.2,0.0
2022-07-20 21:05:00.869000+00:00,21.2,0.0
2022-07-20 21:20:00.875000+00:00,21.2,0.0
2022-07-20 21:35:00.929000+00:00,21.2,0.0
2022-07-20 21:50:00.911000+00:00,21.2,0.0
2022-07-20 22:05:00.949000+00:00,21.2,0.0
2022-07-20 22:20:00.966000+00:00,21.1,0.0
2022-07-20 22:35:00.979000+00:00,21.1,0.0
2022-07-20 22:50:00.983000+00:00,21.1,0.0
2022-07-20 23:05:01.028000+00:00,21.1,0.0
2022-07-20 23:20:01.040000+00:00,21.1,0.0
2022-07-20 23:35:01.062000+00:00,21.0,0.0
2022-07-20 23:50:01.081000+00:00,21.0,0.0
2022-07-21 00:05:01.088000+00:00,21.0,0.0
2022-07-21 00:20:01.121000+00:00,21.0,0.0
2022-07-21 00:35:01.112000+00:00,21.0,0.0
2022-07-21 00:50:01.149000+00:00,21.0,0.0
2022-07-21 01:05:01.181000+00:00,21.0,0.0
2022-07-21 01:20:01.189000+00:00,21.0,0.0
2022-07-21 01:35:01.212000+00:00,20.9,0.0
2022-07-21 01:50:01.226000+00:00,20.9,0.0
2022-07-21 02:05:01.246000+00:00,20.9,0.0
2022-07-21 02:20:01.278000+00:00,20.8,0.0
2022-07-21 02:35:01.289000+00:00,20.8,0.0
2022-07-21 02:50:01.306000+00:00,20.8,0.0
2022-07-21 03:05:01.332000+00:00,20.8,0.0
2022-07-21 03:20:01.343000+00:00,20.8,0.0
2022-07-21 03:35:01.368000+00:00,20.7,0.0
2022-07-21 03:50:01.394000+00:00,20.7,0.0
2022-07-21 04:05:01.379000+00:00,20.7,0.0
2022-07-21 04:20:01.432000+00:00,20.7,0.0
2022-07-21 04:35:01.417000+00:00,20.7,0.0
2022-07-21 04:50:01.461000+00:00,20.7,0.0
2022-07-21 05:05:01.487000+00:00,20.6,0.0
2022-07-21 05:20:01.510000+00:00,20.6,0.0
2022-07-21 05:35:01.507000+00:00,20.6,0.0
2022-07-21 05:50:01.518000+00:00,20.6,0.0
2022-07-21 06:05:01.531000+00:00,20.6,0.0
2022-07-21 06:20:01.545000+00:00,20.6,0.0
2022-07-21 06:35:01.594000+00:00,20.6,0.0
2022-07-21 06:50:01.587000+00:00,20.7,0.0
2022-07-21 07:05:01.654000+00:00,20.7,0.0
2022-07-21 07:20:01.659000+00:00,20.8,0.0
2022-07-21 07:35:01.669000+00:00,20.8,0.0
2022-07-21 07:50:01.652000+00:00,20.8,0.0
2022-07-21 08:05:01.699000+00:00,20.9,0.0
2022-07-21 08:20:01.708000+00:00,20.9,0.0
2022-07-21 08:35:01.711000+00:00,20.9,0.0
2022-07-21 08:50:01.732000+00:00,21.0,0.0
2022-07-21 09:05:01.758000+00:00,21.0,0.0
2022-07-21 09:20:01.750000+00:00,21.0,0.0
2022-07-21 09:35:01.800000+00:00,21.1,0.0
2022-07-21 09:50:01.818000+00:00,21.1,0.0
2022-07-21 10:05:01.828000+00:00,21.2,0.0
2022-07-21 10:20:01.842000+00:00,21.2,0.0
2022-07-21 10:35:01.835000+00:00,21.3,0.0
2022-07-21 10:50:01.880000+00:00,21.3,0.0
2022-07-21 11:05:01.885000+00:00,21.4,0.0
2022-07-21 11:20:01.896000+00:00,21.4,0.0
2022-07-21 11:35:01.922000+00:00,21.5,0.0
2022-07-21 11:50:01.951000+00:00,21.5,0.0
2022-07-21 12:05:01.969000+00:00,21.6,0.0
2022-07-21 12:20:01.980000+00:00,21.6,0.0
2022-07-21 12:35:02.039000+00:00,21.6,0.0
2022-07-21 12:50:02.037000+00:00,21.6,0.0
2022-07-21 13:05:02.071000+00:00,21.6,0.0
2022-07-21 13:20:02.126000+00:00,21.7,0.0
2022-07-21 13:35:02.113000+00:00,21.7,0.0
2022-07-21 13:50:02.146000+00:00,21.7,0.0
2022-07-21 14:05:02.174000+00:00,21.7,0.0
2022-07-21 14:20:02.210000+00:00,21.7,0.0
2022-07-21 14:35:02.306000+00:00,21.7,0.0
2022-07-21 14:50:02.297000+00:00,21.7,0.0
2022-07-21 15:05:02.312000+00:00,21.7,0.0
2022-07-21 15:20:02.341000+00:00,21.7,0.0
2022-07-21 15:35:02.342000+00:00,21.7,0.0
2022-07-21 15:50:02.400000+00:00,21.7,0.0
2022-07-21 16:05:02.429000+00:00,21.6,0.0
2022-07-21 16:20:02.441000+00:00,21.6,0.0
2022-07-21 16:35:02.437000+00:00,21.6,0.0
2022-07-21 16:50:02.488000+00:00,21.6,0.0
2022-07-21 17:05:02.488000+00:00,21.6,0.0
2022-07-21 17:20:02.515000+00:00,21.6,0.0
2022-07-21 17:35:02.549000+00:00,21.5,0.0
2022-07-21 17:50:02.534000+00:00,21.5,0.0
2022-07-21 18:05:02.538000+00:00,21.5,0.0
2022-07-21 18:20:02.568000+00:00,21.5,0.0
2022-07-21 18:35:02.581000+00:00,21.5,0.0
2022-07-21 18:50:02.619000+00:00,21.5,0.0
2022-07-21 19:05:02.635000+00:00,21.4,0.0
2022-07-21 19:20:02.681000+00:00,21.4,0.0
2022-07-21 19:35:02.640000+00:00,21.4,0.0
2022-07-21 19:50:02.706000+00:00,21.4,0.0
2022-07-21 20:05:02.681000+00:00,21.4,0.0
2022-07-21 20:20:02.729000+00:00,21.4,0.0
2022-07-21 20:35:02.773000+00:00,21.4,0.0
2022-07-21 20:50:02.747000+00:00,21.3,0.0
2022-07-21 21:05:02.774000+00:00,21.3,0.0
2022-07-21 21:20:02.760000+00:00,21.3,0.0
2022-07-21 21:35:02.807000+00:00,21.3,0.0
2022-07-21 21:50:02.804000+00:00,21.3,0.0
2022-07-21 22:05:02.840000+00:00,21.3,0.0
2022-07-21 22:20:02.841000+00:00,21.3,0.0
2022-07-21 22:35:02.843000+00:00,21.3,0.0
2022-07-21 22:50:02.889000+00:00,21.3,0.0
2022-07-21 23:05:02.900000+00:00,21.3,0.0
2022-07-21 23:20:02.931000+00:00,21.3,0.0
2022-07-21 23:35:02.944000+00:00,21.2,0.0
2022-07-21 23:50:02.955000+00:00,21.2,0.0
2022-07-22 00:05:02.977000+00:00,21.2,0.0
2022-07-22 00:20:02.972000+00:00,21.2,0.0
2022-07-22 00:35:03.002000+00:00,21.2,0.0
2022-07-22 00:50:03.054000+00:00,21.2,0.0
2022-07-22 01:05:03.031000+00:00,21.1,0.0
2022-07-22 01:20:03.065000+00:00,21.1,0.0
2022-07-22 01:35:03.071000+00:00,21.1,0.0
2022-07-22 01:50:03.115000+00:00,21.1,0.0
2022-07-22 02:05:03.131000+00:00,21.1,0.0
2022-07-22 02:20:03.170000+00:00,21.1,0.0
2022-07-22 02:35:03.130000+00:00,21.0,0.0
2022-07-22 02:50:03.163000+00:00,21.0,0.0
2022-07-22 03:05:03.175000+00:00,21.0,0.0
2022-07-22 03:20:03.202000+00:00,21.0,0.0
2022-07-22 03:35:03.227000+00:00,21.0,0.0
2022-07-22 03:50:03.254000+00:00,21.0,0.0
2022-07-22 04:05:03.253000+00:00,21.0,0.0
2022-07-22 04:20:03.276000+00:00,21.0,0.0
2022-07-22 04:35:03.312000+00:00,21.0,0.0
2022-07-22 04:50:03.321000+00:00,21.0,0.0
2022-07-22 05:05:03.325000+00:00,21.0,0.0
2022-07-22 05:20:03.382000+00:00,21.0,0.0
2022-07-22 05:35:03.357000+00:00,21.0,0.0
2022-07-22 05:50:03.417000+00:00,21.0,0.0
2022-07-22 06:19:06.929000+00:00,21.0,0.0
2022-07-22 06:34:06.944000+00:00,21.0,0.0
2022-07-22 06:49:06.963000+00:00,21.0,0.0
2022-07-22 07:04:06.946000+00:00,21.0,0.0
2022-07-22 07:36:37.912000+00:00,21.0,0.0
2022-07-22 07:51:37.917000+00:00,21.1,0.0
2022-07-22 08:06:37.927000+00:00,21.1,0.0
2022-07-22 08:28:54.384000+00:00,21.1,0.0
2022-07-22 09:19:28.680000+00:00,21.3,0.0
2022-07-22 09:34:28.669000+00:00,21.4,0.0
2022-07-22 09:49:28.712000+00:00,21.4,0.0
2022-07-22 10:04:28.723000+00:00,21.5,0.0
2022-07-22 10:19:28.728000+00:00,21.5,0.0
2022-07-22 10:34:28.744000+00:00,21.6,0.0
2022-07-22 10:49:28.760000+00:00,21.6,0.0
2022-07-22 11:04:28.813000+00:00,21.7,0.0
2022-07-22 11:19:28.816000+00:00,21.7,0.0
2022-07-22 11:34:28.837000+00:00,21.7,0.0
2022-07-22 11:49:28.892000+00:00,21.7,0.0
2022-07-22 12:04:28.911000+00:00,21.8,0.0
2022-07-22 12:19:28.918000+00:00,21.8,0.0
2022-07-22 12:34:28.965000+00:00,21.8,0.0
2022-07-22 12:49:28.992000+00:00,21.8,0.0
2022-07-22 13:04:29.012000+00:00,21.8,0.0
2022-07-22 13:19:29.058000+00:00,21.9,0.0
2022-07-22 13:34:29.059000+00:00,21.9,0.0
2022-07-22 13:49:29.129000+00:00,21.9,0.0
2022-07-22 14:04:29.159000+00:00,21.9,0.0
2022-07-22 14:19:29.182000+00:00,21.9,0.0
2022-07-22 14:34:29.193000+00:00,21.9,0.0
2022-07-22 14:49:29.233000+00:00,21.9,0.0
2022-07-22 15:04:29.279000+00:00,21.9,0.0
2022-07-22 15:19:29.282000+00:00,21.9,0.0
2022-07-22 15:34:29.331000+00:00,21.9,0.0
2022-07-22 15:49:29.354000+00:00,21.9,0.0
2022-07-22 16:04:29.395000+00:00,21.8,0.0
2022-07-22 16:19:29.414000+00:00,21.8,0.0
2022-07-22 16:34:29.429000+00:00,21.8,0.0
2022-07-22 16:49:29.448000+00:00,21.8,0.0
2022-07-22 17:04:29.445000+00:00,21.8,0.0
2022-07-22 17:19:29.479000+00:00,21.8,0.0
2022-07-22 17:34:29.483000+00:00,21.7,0.0
2022-07-22 17:49:29.510000+00:00,21.8,0.0
2022-07-22 18:04:29.547000+00:00,21.7,0.0
2022-07-22 18:19:29.553000+00:00,21.7,0.0
2022-07-22 18:34:29.555000+00:00,21.7,0.0
2022-07-22 18:49:29.609000+00:00,21.7,0.0
2022-07-22 19:04:29.596000+00:00,21.7,0.0
2022-07-22 19:19:29.605000+00:00,21.7,0.0
2022-07-22 19:34:29.624000+00:00,21.7,0.0
2022-07-22 19:49:29.657000+00:00,21.7,0.0
2022-07-22 20:04:29.662000+00:00,21.7,0.0
2022-07-22 20:19:29.661000+00:00,21.7,0.0
2022-07-22 20:34:29.702000+00:00,21.7,0.0
2022-07-22 20:49:29.712000+00:00,21.7,0.0
2022-07-22 21:04:29.718000+00:00,21.7,0.0
2022-07-22 21:19:29.760000+00:00,21.7,0.0
2022-07-22 21:34:29.775000+00:00,21.7,0.0
2022-07-22 21:49:29.797000+00:00,21.7,0.0
2022-07-22 22:04:29.808000+00:00,21.7,0.0
2022-07-22 22:19:29.801000+00:00,21.7,0.0
2022-07-22 22:34:29.822000+00:00,21.7,0.0
2022-07-22 22:49:29.847000+00:00,21.7,0.0
2022-07-22 23:04:29.882000+00:00,21.7,0.0
2022-07-22 23:19:29.881000+00:00,21.7,0.0
2022-07-22 23:34:29.907000+00:00,21.7,0.0
2022-07-22 23:49:29.908000+00:00,21.7,0.0
2022-07-23 00:04:29.942000+00:00,21.7,0.0
2022-07-23 00:19:29.951000+00:00,21.7,0.0
2022-07-23 00:34:29.959000+00:00,21.6,0.0
2022-07-23 00:49:29.963000+00:00,21.6,0.0
2022-07-23 01:04:30.019000+00:00,21.6,0.0
2022-07-23 01:19:30.031000+00:00,21.6,0.0
2022-07-23 01:34:30.051000+00:00,21.6,0.0
2022-07-23 01:49:30.043000+00:00,21.6,0.0
2022-07-23 02:04:30.082000+00:00,21.5,0.0
2022-07-23 02:19:30.107000+00:00,21.5,0.0
2022-07-23 02:34:30.131000+00:00,21.5,0.0
2022-07-23 02:49:30.144000+00:00,21.5,0.0
2022-07-23 03:04:30.141000+00:00,21.5,0.0
2022-07-23 03:19:30.181000+00:00,21.5,0.0
2022-07-23 03:34:30.200000+00:00,21.4,0.0
2022-07-23 03:49:30.185000+00:00,21.4,0.0
2022-07-23 04:04:30.199000+00:00,21.4,0.0
2022-07-23 04:19:30.255000+00:00,21.4,0.0
2022-07-23 04:34:30.241000+00:00,21.4,0.0
2022-07-23 04:49:30.262000+00:00,21.4,0.0
2022-07-23 05:04:30.278000+00:00,21.3,0.0
2022-07-23 05:19:30.282000+00:00,21.3,0.0
2022-07-23 05:34:30.333000+00:00,21.3,0.0
2022-07-23 05:49:30.322000+00:00,21.3,0.0
2022-07-23 06:04:30.352000+00:00,21.3,0.0
2022-07-23 06:19:30.378000+00:00,21.3,0.0
2022-07-23 06:34:30.400000+00:00,21.4,0.0
2022-07-23 06:49:30.394000+00:00,21.4,0.0
2022-07-23 07:04:30.438000+00:00,21.4,0.0
2022-07-23 07:19:30.418000+00:00,21.4,0.0
2022-07-23 07:34:30.460000+00:00,21.5,0.0
2022-07-23 07:49:30.483000+00:00,21.5,0.0
2022-07-23 08:04:30.491000+00:00,21.5,0.0
2022-07-23 08:19:30.508000+00:00,21.6,0.0
2022-07-23 08:34:30.534000+00:00,21.6,0.0
2022-07-23 08:49:30.557000+00:00,21.7,0.0
2022-07-23 09:04:30.551000+00:00,21.7,0.0
2022-07-23 09:19:30.586000+00:00,21.7,0.0
2022-07-23 09:34:30.609000+00:00,21.7,0.0
2022-07-23 09:49:30.635000+00:00,21.8,0.0
2022-07-23 10:04:30.633000+00:00,21.8,0.0
2022-07-23 10:19:30.657000+00:00,21.8,0.0
2022-07-23 10:34:30.672000+00:00,21.9,0.0
2022-07-23 10:49:30.669000+00:00,21.9,0.0
2022-07-23 11:04:30.733000+00:00,22.0,0.0
2022-07-23 11:19:30.740000+00:00,22.0,0.0
2022-07-23 11:34:30.744000+00:00,22.0,0.0
2022-07-23 11:49:30.795000+00:00,22.1,0.0
2022-07-23 12:04:30.827000+00:00,22.1,0.0
2022-07-23 12:19:30.852000+00:00,22.1,0.0
2022-07-23 12:34:30.867000+00:00,22.2,0.0
2022-07-23 12:49:30.920000+00:00,22.2,0.0
2022-07-23 13:04:30.946000+00:00,22.2,0.0
2022-07-23 13:19:30.978000+00:00,22.2,0.0
2022-07-23 13:34:30.991000+00:00,22.2,0.0
2022-07-23 13:49:31.051000+00:00,22.3,0.0
2022-07-23 14:04:31.076000+00:00,22.3,0.0
2022-07-23 14:19:31.107000+00:00,22.3,0.0
2022-07-23 14:34:31.112000+00:00,22.3,0.0
2022-07-23 14:49:31.136000+00:00,22.3,0.0
2022-07-23 15:04:31.189000+00:00,22.3,0.0
2022-07-23 15:19:31.224000+00:00,22.3,0.0
2022-07-23 15:34:31.260000+00:00,22.2,0.0
2022-07-23 15:49:31.252000+00:00,22.2,0.0
2022-07-23 16:04:31.309000+00:00,22.2,0.0
2022-07-23 16:19:31.311000+00:00,22.2,0.0
2022-07-23 16:34:31.336000+00:00,22.2,0.0
2022-07-23 16:49:31.376000+00:00,22.2,0.0
2022-07-23 17:04:31.371000+00:00,22.1,0.0
2022-07-23 17:19:31.382000+00:00,22.1,0.0
2022-07-23 17:34:31.401000+00:00,22.1,0.0
2022-07-23 17:49:31.430000+00:00,22.1,0.0
2022-07-23 18:04:31.430000+00:00,22.1,0.0
2022-07-23 18:19:31.450000+00:00,22.1,0.0
2022-07-23 18:34:31.461000+00:00,22.1,0.0
2022-07-23 18:49:31.492000+00:00,22.1,0.0
2022-07-23 19:04:31.533000+00:00,22.0,0.0
2022-07-23 19:19:31.536000+00:00,22.0,0.0
2022-07-23 19:34:31.565000+00:00,22.0,0.0
2022-07-23 19:49:31.581000+00:00,22.0,0.0
2022-07-23 20:04:31.593000+00:00,22.0,0.0
2022-07-23 20:19:31.587000+00:00,22.0,0.0
2022-07-23 20:34:31.634000+00:00,22.0,0.0
2022-07-23 20:49:31.646000+00:00,22.0,0.0
2022-07-23 21:04:31.641000+00:00,22.0,0.0
2022-07-23 21:19:31.692000+00:00,22.0,0.0
2022-07-23 21:34:31.682000+00:00,22.0,0.0
2022-07-23 21:49:31.685000+00:00,22.0,0.0
2022-07-23 22:04:31.698000+00:00,22.0,0.0
2022-07-23 22:19:31.748000+00:00,22.0,0.0
2022-07-23 22:34:31.758000+00:00,22.0,0.0
2022-07-23 22:49:31.771000+00:00,22.0,0.0
2022-07-23 23:04:31.781000+00:00,22.0,0.0
2022-07-23 23:19:31.825000+00:00,21.9,0.0
2022-07-23 23:34:31.825000+00:00,21.9,0.0
2022-07-23 23:49:31.867000+00:00,21.9,0.0
2022-07-24 00:04:31.861000+00:00,21.9,0.0
2022-07-24 00:19:31.874000+00:00,21.9,0.0
2022-07-24 00:34:31.877000+00:00,21.9,0.0
2022-07-24 00:49:31.899000+00:00,21.9,0.0
2022-07-24 01:04:31.925000+00:00,21.8,0.0
2022-07-24 01:19:31.922000+00:00,21.8,0.0
2022-07-24 01:34:31.944000+00:00,21.8,0.0
2022-07-24 01:49:31.982000+00:00,21.8,0.0
2022-07-24 02:04:32.004000+00:00,21.8,0.0
2022-07-24 02:19:32.016000+00:00,21.8,0.0
2022-07-24 02:34:32.016000+00:00,21.8,0.0
2022-07-24 02:49:32.079000+00:00,21.7,0.0
2022-07-24 03:04:32.060000+00:00,21.7,0.0
2022-07-24 03:19:32.088000+00:00,21.7,0.0
2022-07-24 03:34:32.075000+00:00,21.7,0.0
2022-07-24 03:49:32.117000+00:00,21.7,0.0
2022-07-24 04:04:32.128000+00:00,21.7,0.0
2022-07-24 04:19:32.160000+00:00,21.7,0.0
2022-07-24 04:34:32.208000+00:00,21.7,0.0
2022-07-24 04:49:32.203000+00:00,21.7,0.0
2022-07-24 05:04:32.207000+00:00,21.7,0.0
2022-07-24 05:19:32.237000+00:00,21.7,0.0
2022-07-24 05:34:32.253000+00:00,21.7,0.0
2022-07-24 05:49:32.260000+00:00,21.7,0.0
2022-07-24 06:04:32.253000+00:00,21.7,0.0
2022-07-24 06:19:32.304000+00:00,21.7,0.0
2022-07-24 06:34:32.312000+00:00,21.7,0.0
2022-07-24 06:49:32.328000+00:00,21.7,0.0
2022-07-24 07:04:32.352000+00:00,21.7,0.0
2022-07-24 07:19:32.375000+00:00,21.7,0.0
2022-07-24 07:34:32.373000+00:00,21.7,0.0
2022-07-24 07:49:32.403000+00:00,21.8,0.0
2022-07-24 08:04:32.408000+00:00,21.8,0.0
2022-07-24 08:19:32.406000+00:00,21.8,0.0
2022-07-24 08:34:32.458000+00:00,21.9,0.0
2022-07-24 08:49:32.446000+00:00,21.9,0.0
2022-07-24 09:04:32.509000+00:00,22.0,0.0
2022-07-24 09:19:32.499000+00:00,22.1,0.0
2022-07-24 09:49:32.546000+00:00,22.1,0.0
2022-07-24 10:04:32.558000+00:00,22.2,0.0
2022-07-24 10:19:32.551000+00:00,22.2,0.0
2022-07-24 10:34:32.587000+00:00,22.2,0.0
2022-07-24 10:49:32.626000+00:00,22.3,0.0
2022-07-24 11:04:32.632000+00:00,22.3,0.0
2022-07-24 11:19:32.659000+00:00,22.3,0.0
2022-07-24 11:34:32.675000+00:00,22.3,0.0
2022-07-24 11:49:32.703000+00:00,22.3,0.0
2022-07-24 12:04:32.765000+00:00,22.4,0.0
2022-07-24 12:19:32.805000+00:00,22.4,0.0
2022-07-24 12:34:32.813000+00:00,22.4,0.0
2022-07-24 12:49:32.844000+00:00,22.4,0.0
2022-07-24 13:04:32.873000+00:00,22.5,0.0
2022-07-24 13:19:32.917000+00:00,22.5,0.0
2022-07-24 13:34:32.920000+00:00,22.5,0.0
2022-07-24 13:49:32.992000+00:00,22.5,0.0
2022-07-24 14:04:32.997000+00:00,22.5,0.0
2022-07-24 14:19:33.053000+00:00,22.5,0.0
2022-07-24 14:34:33.063000+00:00,22.5,0.0
2022-07-24 14:49:33.123000+00:00,22.5,0.0
2022-07-24 15:04:33.152000+00:00,22.5,0.0
2022-07-24 15:19:33.207000+00:00,22.5,0.0
2022-07-24 15:34:33.221000+00:00,22.5,0.0
2022-07-24 15:49:33.214000+00:00,22.5,0.0
2022-07-24 16:04:33.246000+00:00,22.4,0.0
2022-07-24 16:19:33.320000+00:00,22.4,0.0
2022-07-24 16:34:33.302000+00:00,22.4,0.0
2022-07-24 16:49:33.325000+00:00,22.3,0.0
2022-07-24 17:04:33.312000+00:00,22.3,0.0
2022-07-24 17:19:33.346000+00:00,22.3,0.0
2022-07-24 17:34:33.352000+00:00,22.3,0.0
2022-07-24 17:49:33.358000+00:00,22.3,0.0
2022-07-24 18:04:33.410000+00:00,22.3,0.0
2022-07-24 18:19:33.424000+00:00,22.3,0.0
2022-07-24 18:34:33.467000+00:00,22.3,0.0
2022-07-24 18:49:33.462000+00:00,22.3,0.0
2022-07-24 19:04:33.479000+00:00,22.3,0.0
2022-07-24 19:19:33.462000+00:00,22.3,0.0
2022-07-24 19:34:33.536000+00:00,22.3,0.0
2022-07-24 19:49:33.535000+00:00,22.3,0.0
2022-07-24 20:04:33.523000+00:00,22.3,0.0
2022-07-24 20:19:33.566000+00:00,22.3,0.0
2022-07-24 20:34:33.574000+00:00,22.2,0.0
2022-07-24 20:49:33.597000+00:00,22.2,0.0
2022-07-24 21:04:33.596000+00:00,22.2,0.0
2022-07-24 21:19:33.636000+00:00,22.2,0.0
2022-07-24 21:34:33.628000+00:00,22.2,0.0
2022-07-24 21:49:33.683000+00:00,22.2,0.0
2022-07-24 22:04:33.682000+00:00,22.2,0.0
2022-07-24 22:19:33.667000+00:00,22.2,0.0
2022-07-24 22:34:33.715000+00:00,22.2,0.0
2022-07-24 22:49:33.715000+00:00,22.2,0.0
2022-07-24 23:04:33.756000+00:00,22.2,0.0
2022-07-24 23:19:33.774000+00:00,22.2,0.0
2022-07-24 23:34:33.794000+00:00,22.2,0.0
2022-07-24 23:49:33.790000+00:00,22.2,0.0
2022-07-25 00:04:33.816000+00:00,22.2,0.0
2022-07-25 00:19:33.832000+00:00,22.2,0.0
2022-07-25 00:34:33.859000+00:00,22.2,0.0
2022-07-25 00:49:33.841000+00:00,22.1,0.0
2022-07-25 01:04:33.882000+00:00,22.1,0.0
2022-07-25 01:19:33.894000+00:00,22.1,0.0
2022-07-25 01:34:33.897000+00:00,22.1,0.0
2022-07-25 01:49:33.913000+00:00,22.1,0.0
2022-07-25 02:04:33.918000+00:00,22.1,0.0
2022-07-25 02:19:33.933000+00:00,22.0,0.0
2022-07-25 02:34:33.981000+00:00,22.0,0.0
2022-07-25 02:49:33.987000+00:00,22.0,0.0
2022-07-25 03:04:34+00:00,21.9,0.0
2022-07-25 03:19:34.057000+00:00,21.9,0.0
2022-07-25 03:34:34.057000+00:00,21.9,0.0
2022-07-25 03:49:34.069000+00:00,21.9,0.0
2022-07-25 04:04:34.093000+00:00,21.9,0.0
2022-07-25 04:19:34.115000+00:00,21.9,0.0
2022-07-25 04:34:34.089000+00:00,21.9,0.0
2022-07-25 04:49:34.118000+00:00,21.8,0.0
2022-07-25 05:04:34.154000+00:00,21.8,0.0
2022-07-25 05:19:34.173000+00:00,21.8,0.0
2022-07-25 05:34:34.162000+00:00,21.8,0.0
2022-07-25 05:49:34.196000+00:00,21.8,0.0
2022-07-25 06:19:34.202000+00:00,21.8,0.0
2022-07-25 06:34:34.267000+00:00,21.8,0.0
2022-07-25 06:49:34.274000+00:00,21.8,0.0
2022-07-25 07:04:34.284000+00:00,21.8,0.0
2022-07-25 07:19:34.303000+00:00,22.6,0.0
2022-07-25 07:34:34.319000+00:00,23.3,0.0
2022-07-25 07:49:34.317000+00:00,21.9,0.2
2022-07-25 08:04:34.341000+00:00,22.0,0.0
2022-07-25 08:19:34.343000+00:00,22.1,0.0
2022-07-25 08:34:34.370000+00:00,24.5,0.0
2022-07-25 08:49:34.410000+00:00,23.0,0.0
2022-07-25 09:04:34.394000+00:00,22.2,0.0
2022-07-25 09:19:34.457000+00:00,22.2,0.0
2022-07-25 09:34:34.439000+00:00,22.2,0.0
2022-07-25 09:49:34.458000+00:00,22.3,0.0
2022-07-25 10:04:34.477000+00:00,22.3,0.0
2022-07-25 10:19:34.512000+00:00,22.3,0.0
2022-07-25 10:34:34.519000+00:00,22.3,0.0
2022-07-25 10:49:34.527000+00:00,22.3,0.0
2022-07-25 11:04:34.564000+00:00,22.3,0.0
2022-07-25 11:19:34.582000+00:00,22.4,0.0
2022-07-25 11:34:34.600000+00:00,22.4,0.0
2022-07-25 11:49:34.634000+00:00,22.5,0.0
2022-07-25 12:04:34.658000+00:00,22.5,0.0
2022-07-25 12:19:34.680000+00:00,22.5,0.0
2022-07-25 12:34:34.713000+00:00,22.5,0.0
2022-07-25 12:49:34.743000+00:00,22.6,0.0
2022-07-25 13:04:34.764000+00:00,22.6,0.0
2022-07-25 13:19:34.803000+00:00,22.6,0.0
2022-07-25 13:34:34.828000+00:00,22.6,0.0
2022-07-25 13:49:34.853000+00:00,22.6,0.0
2022-07-25 14:04:34.918000+00:00,22.6,0.0
2022-07-25 14:19:34.923000+00:00,22.6,0.0
2022-07-25 14:34:34.949000+00:00,22.6,0.0
2022-07-25 14:49:34.992000+00:00,22.6,0.0
2022-07-25 15:04:35.038000+00:00,22.6,0.0
2022-07-25 15:19:35.042000+00:00,22.6,0.0
2022-07-25 15:34:35.054000+00:00,22.6,0.0
2022-07-25 15:49:35.071000+00:00,22.6,0.0
2022-07-25 16:04:35.102000+00:00,22.5,0.0
2022-07-25 16:19:35.123000+00:00,22.5,0.0
2022-07-25 16:34:35.156000+00:00,22.5,0.0
2022-07-25 16:49:35.184000+00:00,22.5,0.0
2022-07-25 17:04:35.202000+00:00,22.5,0.0
2022-07-25 17:19:35.220000+00:00,22.5,0.0
2022-07-25 17:34:35.231000+00:00,22.4,0.0
2022-07-25 17:49:35.243000+00:00,22.4,0.0
2022-07-25 18:04:35.259000+00:00,22.4,0.0
2022-07-25 18:19:35.285000+00:00,22.4,0.0
2022-07-25 18:34:35.331000+00:00,22.4,0.0
2022-07-25 18:49:35.305000+00:00,22.3,0.0
2022-07-25 19:04:35.313000+00:00,22.3,0.0
2022-07-25 19:19:35.335000+00:00,22.3,0.0
2022-07-25 19:34:35.365000+00:00,22.3,0.0
2022-07-25 19:49:35.373000+00:00,22.3,0.0
2022-07-25 20:04:35.391000+00:00,22.3,0.0
2022-07-25 20:19:35.401000+00:00,22.3,0.0
2022-07-25 20:34:35.439000+00:00,22.3,0.0
2022-07-25 20:49:35.454000+00:00,22.3,0.0
2022-07-25 21:04:35.451000+00:00,22.3,0.0
2022-07-25 21:19:35.467000+00:00,22.3,0.0
2022-07-25 21:34:35.492000+00:00,22.3,0.0
2022-07-25 21:49:35.497000+00:00,22.3,0.0
2022-07-25 22:04:35.520000+00:00,22.3,0.0
2022-07-25 22:19:35.530000+00:00,22.3,0.0
2022-07-25 22:34:35.556000+00:00,22.3,0.0
2022-07-25 22:49:35.575000+00:00,22.3,0.0
2022-07-25 23:04:35.595000+00:00,22.3,0.0
2022-07-25 23:19:35.609000+00:00,22.3,0.0
2022-07-25 23:34:35.624000+00:00,22.3,0.0
2022-07-25 23:49:35.631000+00:00,22.3,0.0
2022-07-26 00:04:35.652000+00:00,22.3,0.0
2022-07-26 00:19:35.698000+00:00,22.2,0.0
2022-07-26 00:34:35.719000+00:00,22.2,0.0
2022-07-26 00:49:35.734000+00:00,22.2,0.0
2022-07-26 01:04:35.748000+00:00,22.2,0.0
2022-07-26 01:19:35.770000+00:00,22.2,0.0
2022-07-26 01:34:35.786000+00:00,22.2,0.0
2022-07-26 01:49:35.809000+00:00,22.1,0.0
2022-07-26 02:04:35.818000+00:00,22.2,0.0
2022-07-26 02:19:35.849000+00:00,22.2,0.0
2022-07-26 02:34:35.861000+00:00,22.2,0.0
2022-07-26 02:49:35.873000+00:00,22.2,0.0
2022-07-26 03:04:35.885000+00:00,22.1,0.0
2022-07-26 03:19:35.916000+00:00,22.1,0.0
2022-07-26 03:34:35.902000+00:00,22.1,0.0
2022-07-26 03:49:35.945000+00:00,22.1,0.0
2022-07-26 04:04:35.930000+00:00,22.1,0.0
2022-07-26 04:19:35.957000+00:00,22.1,0.0
2022-07-26 04:34:35.993000+00:00,22.1,0.0
2022-07-26 04:49:35.987000+00:00,22.1,0.0
2022-07-26 05:04:36.042000+00:00,22.0,0.0
2022-07-26 05:19:36.056000+00:00,22.0,0.0
2022-07-26 05:34:36.063000+00:00,22.0,0.0
2022-07-26 05:49:36.097000+00:00,22.0,0.0
2022-07-26 06:04:36.069000+00:00,22.0,0.0
2022-07-26 06:19:36.092000+00:00,22.0,0.0
2022-07-26 06:34:36.106000+00:00,21.9,0.0
2022-07-26 06:49:36.155000+00:00,22.0,0.0
2022-07-26 07:04:36.163000+00:00,22.0,0.0
2022-07-26 07:19:36.188000+00:00,22.0,0.0
2022-07-26 07:34:36.206000+00:00,22.0,0.0
2022-07-26 07:49:36.218000+00:00,22.1,0.0
2022-07-26 08:04:36.203000+00:00,22.1,0.0
2022-07-26 08:19:36.243000+00:00,22.2,0.0
2022-07-26 08:34:36.258000+00:00,22.2,0.0
2022-07-26 08:49:36.274000+00:00,22.2,0.0
2022-07-26 09:04:36.314000+00:00,22.3,0.0
2022-07-26 09:19:36.326000+00:00,22.3,0.0
2022-07-26 09:34:36.330000+00:00,22.3,0.0
2022-07-26 09:49:36.372000+00:00,22.3,0.0
2022-07-26 10:04:36.340000+00:00,22.3,0.0
2022-07-26 10:19:36.369000+00:00,22.4,0.0
2022-07-26 10:19:36.374000+00:00,22.4,0.0
2022-07-26 10:34:36.398000+00:00,22.5,0.0
2022-07-26 10:49:36.418000+00:00,22.5,0.0
2022-07-26 11:04:36.427000+00:00,22.6,0.0
2022-07-26 11:19:36.553000+00:00,22.6,0.0
2022-07-26 11:34:36.472000+00:00,22.7,0.0
2022-07-26 11:49:36.531000+00:00,22.7,0.0
2022-07-26 12:04:36.547000+00:00,22.8,0.0
2022-07-26 12:19:36.609000+00:00,22.8,0.0
2022-07-26 12:34:36.600000+00:00,22.8,0.0
2022-07-26 12:49:36.655000+00:00,22.8,0.0
2022-07-26 13:04:36.635000+00:00,22.8,0.0
2022-07-26 13:19:36.704000+00:00,22.8,0.0
2022-07-26 13:34:36.739000+00:00,22.9,0.0
2022-07-26 13:49:36.761000+00:00,22.9,0.0
2022-07-26 14:04:36.837000+00:00,22.9,0.0
2022-07-26 14:19:36.827000+00:00,22.9,0.0
2022-07-26 14:34:36.848000+00:00,22.9,0.0
2022-07-26 14:49:36.881000+00:00,22.9,0.0
2022-07-26 15:04:36.911000+00:00,22.9,0.0
2022-07-26 15:19:36.944000+00:00,22.9,0.0
2022-07-26 15:34:36.927000+00:00,22.9,0.0
2022-07-26 15:49:36.991000+00:00,22.9,0.0
2022-07-26 16:04:37.007000+00:00,22.8,0.0
2022-07-26 16:19:37.007000+00:00,22.8,0.0
2022-07-26 16:34:37.040000+00:00,22.8,0.0
2022-07-26 16:49:37.084000+00:00,22.8,0.0
2022-07-26 17:04:37.078000+00:00,22.8,0.0
2022-07-26 17:19:37.102000+00:00,22.8,0.0
2022-07-26 17:34:37.112000+00:00,22.7,0.0
2022-07-26 17:49:37.139000+00:00,22.7,0.0
2022-07-26 18:04:37.170000+00:00,22.6,0.0
2022-07-26 18:19:37.148000+00:00,22.6,0.0
2022-07-26 18:34:37.191000+00:00,22.6,0.0
2022-07-26 18:49:37.200000+00:00,22.6,0.0
2022-07-26 19:04:37.187000+00:00,22.6,0.0
2022-07-26 19:19:37.234000+00:00,22.5,0.0
2022-07-26 19:34:37.235000+00:00,22.5,0.0
2022-07-26 19:49:37.268000+00:00,22.5,0.0
2022-07-26 20:04:37.264000+00:00,22.5,0.0
2022-07-26 20:19:37.304000+00:00,22.5,0.0
2022-07-26 20:34:37.330000+00:00,22.5,0.0
2022-07-26 20:49:37.338000+00:00,22.5,0.0
2022-07-26 21:04:37.358000+00:00,22.4,0.0
2022-07-26 21:19:37.383000+00:00,22.4,0.0
2022-07-26 21:34:37.432000+00:00,22.4,0.0
2022-07-26 21:49:37.400000+00:00,22.4,0.0
2022-07-26 22:04:37.444000+00:00,22.4,0.0
2022-07-26 22:19:37.452000+00:00,22.4,0.0
2022-07-26 22:34:37.489000+00:00,22.4,0.0
2022-07-26 22:49:37.478000+00:00,22.4,0.0
2022-07-26 23:04:37.468000+00:00,22.4,0.0
2022-07-26 23:19:37.512000+00:00,22.4,0.0
2022-07-26 23:34:37.494000+00:00,22.5,0.0
2022-07-26 23:49:37.537000+00:00,22.5,0.0
2022-07-27 00:04:37.573000+00:00,22.5,0.0
2022-07-27 00:19:37.574000+00:00,22.5,0.0
2022-07-27 00:34:37.593000+00:00,22.5,0.0
2022-07-27 00:49:37.592000+00:00,22.5,0.0
2022-07-27 01:04:37.631000+00:00,22.6,0.0
2022-07-27 01:19:37.658000+00:00,22.5,0.1
2022-07-27 01:34:37.643000+00:00,22.6,0.0
2022-07-27 01:49:37.697000+00:00,22.5,0.0
2022-07-27 02:04:37.724000+00:00,22.5,0.0
2022-07-27 02:19:37.717000+00:00,22.5,0.1
2022-07-27 02:34:37.700000+00:00,22.5,0.1
2022-07-27 02:49:37.742000+00:00,22.5,0.1
2022-07-27 03:04:37.786000+00:00,22.5,0.1
2022-07-27 03:19:37.787000+00:00,22.4,0.1
2022-07-27 03:34:37.832000+00:00,22.5,0.1
2022-07-27 03:49:37.816000+00:00,22.4,0.1
2022-07-27 04:04:37.876000+00:00,22.4,0.1
2022-07-27 04:19:37.839000+00:00,22.4,0.1
2022-07-27 04:34:37.897000+00:00,22.4,0.1
2022-07-27 04:49:37.875000+00:00,22.4,0.0
2022-07-27 05:04:37.883000+00:00,22.4,0.0
2022-07-27 05:19:37.907000+00:00,22.4,0.0
2022-07-27 05:34:37.956000+00:00,22.4,0.0
2022-07-27 05:49:37.968000+00:00,22.4,0.0
2022-07-27 06:04:37.956000+00:00,22.4,0.0
2022-07-27 06:19:38.006000+00:00,22.4,0.0
2022-07-27 06:34:38.019000+00:00,22.4,0.0
2022-07-27 06:49:38.024000+00:00,22.3,0.0
2022-07-27 07:04:38.046000+00:00,22.3,0.0
2022-07-27 07:19:38.058000+00:00,22.3,0.0
2022-07-27 07:34:38.104000+00:00,22.4,0.0
2022-07-27 07:49:38.101000+00:00,22.4,0.0
2022-07-27 08:04:38.114000+00:00,22.4,0.0
2022-07-27 08:19:38.099000+00:00,22.4,0.0
2022-07-27 08:34:38.120000+00:00,22.4,0.0
2022-07-27 08:49:38.145000+00:00,22.4,0.0
2022-07-27 09:04:38.179000+00:00,22.5,0.0
2022-07-27 09:19:38.167000+00:00,22.5,0.0
2022-07-27 09:34:38.238000+00:00,22.6,0.0
2022-07-27 09:49:38.250000+00:00,22.6,0.0
2022-07-27 10:04:38.263000+00:00,22.6,0.0
2022-07-27 10:19:38.283000+00:00,22.7,0.0
2022-07-27 10:34:38.299000+00:00,22.7,0.0
2022-07-27 10:49:38.287000+00:00,22.8,0.0
2022-07-27 11:04:38.334000+00:00,22.8,0.0
2022-07-27 11:19:38.330000+00:00,22.8,0.0
2022-07-27 11:34:38.366000+00:00,22.8,0.0
2022-07-27 11:49:38.389000+00:00,22.9,0.0
2022-07-27 12:04:38.436000+00:00,22.9,0.0
2022-07-27 12:19:38.479000+00:00,23.0,0.0
2022-07-27 12:34:38.478000+00:00,23.0,0.0
2022-07-27 12:49:38.561000+00:00,23.0,0.0
2022-07-27 13:04:38.530000+00:00,23.1,0.0
2022-07-27 13:19:38.596000+00:00,23.1,0.0
2022-07-27 13:34:38.616000+00:00,23.1,0.0
2022-07-27 13:49:38.679000+00:00,23.1,0.0
2022-07-27 14:04:38.686000+00:00,23.1,0.0
2022-07-27 14:19:38.720000+00:00,23.1,0.0
2022-07-27 14:34:38.719000+00:00,23.1,0.0
2022-07-27 14:49:38.772000+00:00,23.1,0.0
2022-07-27 15:04:38.767000+00:00,23.1,0.0
2022-07-27 15:19:38.815000+00:00,23.1,0.0
2022-07-27 15:34:38.820000+00:00,23.1,0.0
2022-07-27 15:49:38.873000+00:00,23.0,0.0
2022-07-27 16:04:38.901000+00:00,23.0,0.0
2022-07-27 16:19:38.967000+00:00,23.0,0.0
2022-07-27 16:34:38.934000+00:00,23.0,0.0
2022-07-27 16:49:38.953000+00:00,22.9,0.0
2022-07-27 17:04:38.983000+00:00,22.9,0.0
2022-07-27 17:19:38.991000+00:00,22.9,0.0
2022-07-27 17:34:39.004000+00:00,22.9,0.0
2022-07-27 17:49:39.005000+00:00,22.9,0.0
2022-07-27 18:04:39.051000+00:00,22.9,0.0
2022-07-27 18:19:39.089000+00:00,22.8,0.0
2022-07-27 18:34:39.082000+00:00,22.8,0.0
2022-07-27 18:49:39.098000+00:00,22.8,0.0
2022-07-27 19:04:39.109000+00:00,22.8,0.0
2022-07-27 19:19:39.125000+00:00,22.8,0.0
2022-07-27 19:34:39.139000+00:00,22.8,0.0
2022-07-27 19:49:39.162000+00:00,22.8,0.0
2022-07-27 20:04:39.184000+00:00,22.8,0.0
2022-07-27 20:19:39.201000+00:00,22.8,0.0
2022-07-27 20:34:39.215000+00:00,22.8,0.0
2022-07-27 20:49:39.226000+00:00,22.7,0.0
2022-07-27 21:04:39.252000+00:00,22.7,0.0
2022-07-27 21:19:39.268000+00:00,22.7,0.0
2022-07-27 21:34:39.274000+00:00,22.7,0.0
2022-07-27 21:49:39.266000+00:00,22.7,0.0
2022-07-27 22:04:39.311000+00:00,22.6,0.0
2022-07-27 22:19:39.319000+00:00,22.6,0.0
2022-07-27 22:34:39.332000+00:00,22.6,0.0
2022-07-27 22:49:39.363000+00:00,22.6,0.0
2022-07-27 23:04:39.381000+00:00,22.6,0.0
2022-07-27 23:19:39.380000+00:00,22.5,0.0
2022-07-27 23:34:39.434000+00:00,22.5,0.0
2022-07-27 23:49:39.453000+00:00,22.5,0.0
2022-07-28 00:04:39.428000+00:00,22.5,0.0
2022-07-28 00:19:39.435000+00:00,22.5,0.0
2022-07-28 00:34:39.458000+00:00,22.5,0.0
2022-07-28 00:49:39.506000+00:00,22.5,0.0
2022-07-28 01:04:39.509000+00:00,22.5,0.0
2022-07-28 01:19:39.558000+00:00,22.5,0.0
2022-07-28 01:34:39.543000+00:00,22.5,0.0
2022-07-28 01:49:39.569000+00:00,22.4,0.0
2022-07-28 02:04:39.597000+00:00,22.4,0.0
2022-07-28 02:19:39.618000+00:00,22.4,0.0
2022-07-28 02:34:39.611000+00:00,22.4,0.0
2022-07-28 02:49:39.612000+00:00,22.4,0.0
2022-07-28 03:04:39.662000+00:00,22.4,0.0
2022-07-28 03:19:39.683000+00:00,22.4,0.0
2022-07-28 03:34:39.687000+00:00,22.4,0.0
2022-07-28 03:49:39.701000+00:00,22.4,0.0
2022-07-28 04:04:39.729000+00:00,22.4,0.0
2022-07-28 04:19:39.742000+00:00,22.3,0.0
2022-07-28 04:34:39.764000+00:00,22.3,0.0
2022-07-28 04:49:39.754000+00:00,22.3,0.0
2022-07-28 05:04:39.797000+00:00,22.3,0.0
2022-07-28 05:19:39.784000+00:00,22.3,0.0
2022-07-28 05:34:39.831000+00:00,22.3,0.0
2022-07-28 05:49:39.819000+00:00,22.3,0.0
2022-07-28 06:04:39.853000+00:00,22.3,0.0
2022-07-28 06:19:39.844000+00:00,22.3,0.0
2022-07-28 06:34:39.885000+00:00,22.3,0.0
2022-07-28 06:49:39.923000+00:00,22.4,0.0
2022-07-28 07:04:39.925000+00:00,22.4,0.0
2022-07-28 07:19:39.937000+00:00,22.4,0.0
2022-07-28 07:34:39.927000+00:00,22.4,0.0
2022-07-28 07:49:39.949000+00:00,22.4,0.0
2022-07-28 08:04:40.001000+00:00,22.5,0.0
2022-07-28 08:19:40.008000+00:00,22.5,0.0
2022-07-28 08:34:40.009000+00:00,22.5,0.0
2022-07-28 08:49:40.023000+00:00,22.5,0.0
2022-07-28 09:04:40.067000+00:00,22.6,0.0
2022-07-28 09:19:40.088000+00:00,22.6,0.0
