time,Wind speed 100 Hz,RH,Air temperature,Leaf Wetness,Soil conductivity_25cm,Soil conductivity_15cm,Soil conductivity_5cm,Soil temperature_25cm,Soil temperature_15cm,Soil temperature_5cm,Soil moisture_25cm,Soil moisture_15cm,Soil moisture_5cm,Precipitation,Pyranometer
2022-07-27 00:10:00+03:00,0.123395,67.02144,23.53476,0,1442.54,1669.633,2200.962,27.88259,29.63982,26.76786,11.91592,10.0415,2.127785,0,1.144427
2022-07-27 00:20:00+03:00,0.410872,65.17891,23.75601,0,1442.976,1666.222,2200.962,27.85663,29.51219,26.68734,11.91592,10.06334,2.137355,0,1.144427
2022-07-27 00:30:00+03:00,0.015341,67.85687,23.04265,0,1441.759,1667.55,2196.28,27.8047,29.48665,26.50651,11.93974,10.04774,2.145751,0,1.335164
2022-07-27 00:40:00+03:00,0.016675,67.43343,23.09987,0,1442.54,1665.28,2194.723,27.78459,29.30185,26.3501,11.91294,10.06023,2.151759,0,1.335164
2022-07-27 00:50:00+03:00,0.012006,67.5555,23.25628,0,1443.758,1665.913,2196.28,27.72683,29.28245,26.19791,11.91592,10.05086,2.158982,0,1.144427
2022-07-27 01:00:00+03:00,0.041354,67.58221,23.09987,0,1442.134,1664.589,2190.051,27.73266,29.2508,26.0429,11.92485,10.03838,2.160187,0,1.144427
2022-07-27 01:10:00+03:00,0,70.19913,22.356,0,1441.322,1665.22,2191.606,27.68074,29.07822,25.88521,11.9308,10.05397,2.167428,0,1.144427
2022-07-27 01:20:00+03:00,0,71.23293,22.14618,0,1442.134,1665.409,2191.606,27.72683,29.15595,25.67857,11.9308,10.02902,2.174683,0,1.144427
2022-07-27 01:30:00+03:00,0,71.26344,22.11948,0,1441.354,1663.146,2186.943,27.70087,28.93846,25.62518,11.92782,10.05086,2.172262,0,1.144427
2022-07-27 01:40:00+03:00,0.003335,71.62585,21.87915,0,1442.165,1662.643,2180.739,27.70087,28.93239,25.39821,11.92485,10.03838,2.183165,0,1.144427
2022-07-27 01:50:00+03:00,0.295481,71.24437,21.90203,0,1441.385,1663.705,2185.39,27.66061,28.88872,25.26653,11.92485,10.03214,2.194099,0,1.144427
2022-07-27 02:00:00+03:00,0.081374,72.78172,21.63501,0,1442.571,1661.7,2190.051,27.70087,28.80617,25.21366,11.91889,10.0415,2.195316,0,1.144427
2022-07-27 02:10:00+03:00,0.535601,72.25528,21.66934,0,1442.6,1663.888,2185.39,27.68074,28.72828,25.05001,11.91592,10.03838,2.196534,0,1.525902
2022-07-27 02:20:00+03:00,0.291479,71.73648,21.76471,0,1443.035,1660.94,2180.739,27.64895,28.57518,25.01197,11.91592,10.01968,2.203846,0,1.144427
2022-07-27 02:30:00+03:00,0.530932,71.96536,21.70367,0,1441.415,1661.813,2180.739,27.623,28.48511,24.82303,11.91592,10.02279,2.205066,0,1.144427
2022-07-27 02:40:00+03:00,0.430215,72.20569,21.64264,0,1443.411,1662.866,2177.642,27.57107,28.54367,24.84223,11.93676,10.01033,2.212395,0,1.144427
2022-07-27 02:50:00+03:00,0.388861,73.63623,21.33745,0,1441.849,1659.561,2176.094,27.47884,28.36507,24.62071,11.92485,10.02279,2.21974,0,1.144427
2022-07-27 03:00:00+03:00,0.51359,72.76646,21.45952,0,1440.635,1661.047,2180.739,27.55092,28.33957,24.58833,11.91592,10.01345,2.222191,0,1.144427
2022-07-27 03:10:00+03:00,0.712356,72.38879,21.62356,0,1440.666,1659.666,2182.285,27.4932,28.35313,24.49999,11.92485,10.01656,2.229554,0,1.144427
2022-07-27 03:20:00+03:00,0.139403,73.15938,21.45952,0,1441.07,1658.798,2173.003,27.4932,28.15505,24.49999,11.92187,10.01033,2.224644,0,1.144427
2022-07-27 03:30:00+03:00,0.042021,74.03296,21.29549,0,1441.878,1661.144,2182.285,27.4932,28.21371,24.34072,11.91294,10.001,2.235702,0,1.144427
2022-07-27 03:40:00+03:00,0.380857,75.49783,20.87587,1,1441.502,1660.019,2182.285,27.47305,28.08622,24.27827,11.91592,9.994781,2.239394,0,1.144427
2022-07-27 03:50:00+03:00,0.372186,74.19699,21.23446,0,1442.714,1658.896,2176.094,27.47305,27.99015,24.15361,11.90997,10.001,2.245558,0,1.144427
2022-07-27 04:00:00+03:00,0.052693,76.48203,20.58976,1,1442.337,1659.503,2177.642,27.47305,27.99015,24.1278,11.91294,10.001,2.246793,0,1.144427
2022-07-27 04:10:00+03:00,0.074037,77.80957,20.33799,1,1441.127,1657.085,2173.003,27.3634,27.80576,23.9739,11.90997,10.00411,2.257915,0,1.144427
2022-07-27 04:20:00+03:00,0,79.08369,20.04807,1,1440.724,1656.14,2174.55,27.26534,27.78616,23.89647,11.92485,9.991671,2.251731,0,1.144427
2022-07-27 04:30:00+03:00,0.137402,80.56001,19.88021,2,1439.513,1657.175,2171.462,27.31149,27.74103,23.75584,11.91592,9.994781,2.261631,0,1.144427
2022-07-27 04:40:00+03:00,0.192096,79.48805,19.89929,2,1441.155,1656.486,2176.094,27.28553,27.63901,23.71045,11.91294,10.001,2.264109,0,1.144427
2022-07-27 04:50:00+03:00,0.399533,80.36546,19.72,2,1441.182,1656.227,2173.003,27.28553,27.60179,23.52008,11.90997,9.988557,2.27404,0,1.144427
2022-07-27 05:00:00+03:00,0.482908,80.4036,19.70474,2,1439.945,1657.255,2179.189,27.28553,27.57629,23.42829,11.90402,9.982343,2.276527,0,1.144427
2022-07-27 05:10:00+03:00,0.456895,80.49516,19.71618,2,1439.974,1654.679,2168.377,27.15573,27.44881,23.36356,11.91294,9.994781,2.27777,0,1.144427
2022-07-27 05:20:00+03:00,0.196765,80.26627,19.88021,3,1440.001,1654.591,2165.293,27.10381,27.39782,23.31722,11.91889,9.98545,2.282751,0,1.144427
2022-07-27 05:30:00+03:00,0.430215,80.31205,19.73144,3,1438.794,1655.615,2171.462,27.07786,27.39782,23.15718,11.91889,9.973021,2.287737,0,1.144427
2022-07-27 05:40:00+03:00,0.590295,81.70061,19.49874,3,1439.626,1652.36,2163.758,27.07786,27.32133,23.15718,11.91294,10.00722,2.293979,0,1.144427
2022-07-27 05:50:00+03:00,0.395531,81.03304,19.66278,3,1440.055,1652.696,2165.293,27.07786,27.19385,23.0024,11.90699,9.982343,2.300232,0,1.144427
2022-07-27 06:00:00+03:00,0.390862,79.86572,19.88784,2,1439.653,1653.549,2165.293,27.07786,27.19385,22.93021,11.90699,9.976128,2.298981,0,1.144427
2022-07-27 06:10:00+03:00,0.54694,80.28916,19.77722,3,1439.278,1652.436,2165.293,27.02594,27.16834,22.90073,11.90402,9.98545,2.300232,0,1.71664
2022-07-27 06:20:00+03:00,0.594964,79.14473,19.96796,2,1439.278,1649.952,2163.758,26.92781,26.98987,22.85799,11.91889,9.976128,2.312767,0,3.814755
2022-07-27 06:30:00+03:00,0.516258,79.35454,19.79248,2,1438.101,1652.339,2174.55,26.89614,26.98987,22.6692,11.91294,9.966804,2.316536,0,6.294346
2022-07-27 06:40:00+03:00,0.577622,79.94583,19.70092,2,1438.502,1649.007,2165.293,26.84993,26.8114,22.71935,11.91294,9.973021,2.31905,0,11.82574
2022-07-27 06:50:00+03:00,0.66033,79.90005,19.75051,2,1438.954,1649.007,2162.222,26.84993,26.7859,22.66774,11.90402,9.973021,2.320308,0,18.50156
2022-07-27 07:00:00+03:00,0.202768,80.4799,19.57504,3,1439.354,1648.223,2165.293,26.87019,26.7859,22.56385,11.90105,9.963706,2.33417,0,24.98665
2022-07-27 07:10:00+03:00,0,80.52186,19.71237,3,1439.379,1648.806,2156.079,26.74038,26.7604,22.61615,11.90699,9.963706,2.326603,0,31.85321
2022-07-27 07:20:00+03:00,0.005336,79.83139,20.01374,2,1436.604,1647.378,2165.293,26.71443,26.60743,22.69799,11.92187,9.966804,2.327863,0,38.52903
2022-07-27 07:30:00+03:00,0.122061,79.40031,20.25788,2,1437.004,1648.384,2168.377,26.62193,26.58192,22.74443,11.90997,9.9606,2.335433,0,45.01412
2022-07-27 07:40:00+03:00,0,78.33219,20.66605,2,1437.429,1648.965,2171.462,26.66251,26.58192,22.69501,11.90699,9.951291,2.341752,0,51.68993
2022-07-27 07:50:00+03:00,0,76.06241,21.38323,1,1438.227,1648.965,2165.293,26.66251,26.55643,22.77096,11.90402,9.941986,2.346816,0,88.50233
2022-07-27 08:00:00+03:00,0,71.64492,22.8748,1,1438.251,1645.227,2179.189,26.66251,26.45444,22.95081,11.89807,9.957501,2.351885,0,180.0565
2022-07-27 08:10:00+03:00,0,62.78706,25.78545,1,1437.078,1646.226,2174.55,26.6106,26.37796,23.10638,11.90402,9.951291,2.354422,0,209.4301
2022-07-27 08:20:00+03:00,0,60.80721,26.96803,0,1437.898,1645.698,2169.917,26.58465,26.37796,23.34302,11.89807,9.945084,2.360772,0,240.7111
2022-07-27 08:30:00+03:00,0,54.88289,28.51682,0,1435.533,1644.595,2188.498,26.4808,26.32696,23.52979,11.90997,9.94819,2.365859,0,271.9921
2022-07-27 08:40:00+03:00,0,55.39407,28.05142,0,1436.351,1645.014,2186.943,26.43452,26.22498,23.94179,11.90402,9.941986,2.367133,0,303.0823
2022-07-27 08:50:00+03:00,0,55.26817,28.04379,0,1435.999,1643.23,2196.28,26.45484,26.17398,24.35028,11.90105,9.94819,2.372227,0,332.0745
2022-07-27 09:00:00+03:00,0.041354,54.757,28.60075,0,1436.771,1644.066,2213.495,26.45484,26.17398,24.52037,11.89213,9.938886,2.373503,0,358.9685
2022-07-27 09:10:00+03:00,0.056695,56.40497,28.64653,0,1437.586,1644.637,2215.063,26.45484,26.14849,24.87241,11.89213,9.935788,2.372227,0,391.7754
2022-07-27 09:20:00+03:00,0.216775,53.91776,29.14244,0,1434.853,1644.219,2224.513,26.35101,26.14849,25.30152,11.89213,9.938886,2.369679,0,426.4897
2022-07-27 09:30:00+03:00,0.029348,52.98695,29.04707,0,1434.874,1643.953,2241.931,26.24717,26.11735,25.67857,11.89807,9.929589,2.369679,0,455.291
2022-07-27 09:40:00+03:00,0,47.06645,30.27161,0,1435.27,1644.371,2240.341,26.24717,26.09186,26.11197,11.89807,9.932685,2.367133,0,487.7165
2022-07-27 09:50:00+03:00,0.086043,47.47463,30.82475,0,1434.5,1643.687,2253.077,26.24717,26.02101,26.35152,11.89213,9.926491,2.367133,0,516.1364
2022-07-27 10:00:00+03:00,0.464899,46.83376,30.31358,0,1435.706,1643.687,2270.7,26.24717,26.02101,26.68734,11.88618,9.929589,2.364587,0,542.4582
2022-07-27 10:10:00+03:00,0.510255,53.21202,30.15717,0,1436.514,1643.687,2275.53,26.24717,26.0465,27.07641,11.87727,9.938886,2.364587,0,572.2133
2022-07-27 10:20:00+03:00,0.751709,52.54063,29.69939,0,1436.138,1642.437,2288.451,26.24717,26.04087,27.72067,11.88618,9.926491,2.362044,0,597.2
2022-07-27 10:30:00+03:00,0.578956,52.00275,29.98932,0,1436.138,1644.938,2298.184,26.03949,26.09749,28.34066,11.88915,9.935788,2.353154,0,622.5681
2022-07-27 10:40:00+03:00,0.759046,51.8616,30.17243,0,1434.973,1646.04,2325.973,26.09141,26.12298,29.10403,11.89213,9.917201,2.339224,0,645.4566
2022-07-27 10:50:00+03:00,0.375521,50.72862,30.59586,0,1434.99,1646.189,2344.113,26.03949,26.17398,29.73269,11.88025,9.907913,2.339224,0,670.634
2022-07-27 11:00:00+03:00,0.737035,49.98474,30.88197,0,1435.367,1646.69,2349.087,26.06546,26.17398,30.65633,11.88321,9.932685,2.320308,0,693.1411
2022-07-27 11:10:00+03:00,0.722361,47.26863,30.93156,0,1435.402,1646.04,2397.639,26.01911,26.17398,32.11334,11.87431,9.917201,2.305241,0,706.4927
2022-07-27 11:20:00+03:00,0.703685,48.51987,31.38552,0,1436.204,1645.89,2419.701,26.03949,26.17398,33.26634,11.8654,9.920297,2.269071,0,729.1905
2022-07-27 11:30:00+03:00,0.340837,47.14275,32.38499,0,1436.99,1647.412,2445.389,26.03949,26.35246,34.46198,11.86837,9.911007,2.244325,0,752.2698
2022-07-27 11:40:00+03:00,0.502251,47.58908,32.56809,0,1436.219,1649.623,2469.585,26.01354,26.40345,35.34738,11.86243,9.911007,2.220965,0,772.2972
2022-07-27 11:50:00+03:00,0.775721,42.57648,33.11742,0,1436.204,1648.634,2488.753,25.93566,26.53093,36.36793,11.8654,9.923392,2.197751,0,789.2729
2022-07-27 12:00:00+03:00,1.163915,45.31929,31.91577,0,1436.612,1651.69,2508.054,25.83182,26.58192,37.32681,11.86243,9.911007,2.161393,0,810.2541
2022-07-27 12:10:00+03:00,0.783058,43.30129,32.68253,0,1435.842,1654.333,2532.82,25.83182,26.7094,37.9709,11.8654,9.911007,2.143349,0,826.4667
2022-07-27 12:20:00+03:00,1.458729,43.08004,32.0264,0,1437.019,1652.074,2554.226,25.83182,26.83689,38.63065,11.85947,9.917201,2.117048,0,836.0037
2022-07-27 12:30:00+03:00,1.353343,43.94598,32.65583,0,1436.262,1655.142,2550.643,25.81141,26.96438,39.40878,11.85353,9.907913,2.098042,0,854.696
2022-07-27 12:40:00+03:00,1.065866,41.19936,32.94194,0,1437.032,1656.257,2568.587,25.85778,27.19385,39.9975,11.85057,9.901728,2.072074,0,855.2682
2022-07-27 12:50:00+03:00,0.571619,40.77592,33.75449,0,1438.22,1657.643,2583.021,25.83182,27.37232,40.64131,11.8476,9.911007,2.0428,0,863.2792
2022-07-27 13:00:00+03:00,1.384692,41.70672,33.54086,0,1437.437,1658.182,2586.64,25.83182,27.44881,41.19839,11.84167,9.914103,2.023034,0,880.0641
2022-07-27 13:10:00+03:00,1.570785,41.43969,33.71634,0,1437.84,1658.294,2588.451,25.83182,27.61351,41.72147,11.83871,9.920297,1.996475,0,891.8898
2022-07-27 13:20:00+03:00,1.504085,39.64294,33.19371,0,1438.22,1661.498,2602.991,25.83182,27.78616,42.32553,11.83575,9.920297,1.967843,0,900.6638
2022-07-27 13:30:00+03:00,0.76705,38.80751,34.70817,0,1438.612,1663.746,2610.286,25.83182,27.97056,42.83459,11.82982,9.920297,1.943983,0,909.4377
2022-07-27 13:40:00+03:00,1.322661,39.2462,34.30762,0,1439.787,1665.571,2608.462,25.83182,28.19416,43.40112,11.83278,9.920297,1.92142,0,899.5193
2022-07-27 13:50:00+03:00,1.207937,35.832,34.7425,0,1439.406,1666.54,2613.943,25.83182,28.3336,44.06701,11.83575,9.926491,1.887869,0,932.1355
2022-07-27 14:00:00+03:00,1.473403,33.91318,34.62043,0,1439.787,1664.925,2621.266,25.85778,28.50617,44.46141,11.83278,9.911007,1.866803,0,927.5578
2022-07-27 14:10:00+03:00,1.353343,35.23308,34.59373,0,1440.971,1668.478,2617.602,26.01354,28.66521,44.81395,11.81501,9.907913,1.842586,0,968.9479
2022-07-27 14:20:00+03:00,1.232616,33.93988,35.75342,0,1441.746,1667.718,2610.286,25.93566,28.76586,45.33439,11.81501,9.935788,1.814207,0,952.7352
2022-07-27 14:30:00+03:00,1.502751,36.15244,35.24606,0,1442.138,1669.817,2602.991,26.01911,28.93239,45.68725,11.81205,9.932685,1.786092,0,906.3859
2022-07-27 14:40:00+03:00,1.918292,34.19165,34.5861,0,1441.363,1671.386,2602.991,26.03949,29.09767,45.86394,11.80909,9.932685,1.76785,0,893.7972
2022-07-27 14:50:00+03:00,1.531432,33.05486,35.39483,0,1442.138,1673.661,2581.212,26.03949,29.34064,45.91588,11.81501,9.929589,1.753976,0,894.7509
2022-07-27 15:00:00+03:00,0.835751,33.91699,35.70764,0,1441.354,1674.8,2581.212,26.03949,29.5254,46.08211,11.81797,9.926491,1.734872,0,877.966
2022-07-27 15:10:00+03:00,0.838419,26.63462,36.4744,0,1442.529,1674.466,2568.587,26.09141,29.61429,46.14964,11.82094,9.932685,1.722206,0,867.2847
2022-07-27 15:20:00+03:00,1.464732,26.90929,35.65424,0,1444.089,1673.688,2563.191,26.24717,29.69087,46.28472,11.80021,9.94819,1.707498,0,856.4126
2022-07-27 15:30:00+03:00,1.670168,30.44556,35.92126,0,1443.705,1675.437,2557.808,26.24717,29.89509,46.3107,11.7943,9.932685,1.690781,0,822.0798
2022-07-27 15:40:00+03:00,1.418709,26.16159,35.77249,0,1443.698,1678.526,2539.938,26.24717,30.0993,46.3107,11.79726,9.94819,1.685578,0,832.5704
2022-07-27 15:50:00+03:00,1.630148,25.43297,35.27657,0,1443.305,1682.141,2525.719,26.29908,30.25247,46.32621,11.80021,9.945084,1.671057,0,794.8043
2022-07-27 16:00:00+03:00,1.728864,30.57145,35.12398,0,1444.86,1681.355,2516.871,26.37697,30.32905,46.25875,11.79134,9.932685,1.66589,0,781.4526
2022-07-27 16:10:00+03:00,1.770885,30.70497,34.87221,0,1446.436,1681.969,2509.815,26.45484,30.50773,46.17041,11.78248,9.926491,1.656612,0,758.7548
2022-07-27 16:20:00+03:00,1.853593,27.06188,35.16975,0,1445.652,1682.238,2488.753,26.45484,30.58433,46.23276,11.78839,9.920297,1.645315,0,721.7518
2022-07-27 16:30:00+03:00,1.149241,29.75891,35.92126,0,1445.252,1683.215,2490.501,26.45484,30.71196,46.33145,11.79726,9.935788,1.633043,0,704.7761
2022-07-27 16:40:00+03:00,0.89378,31.04829,36.52399,0,1447.21,1683.657,2473.062,26.50676,30.91617,46.12886,11.78543,9.926491,1.629984,0,649.0806
2022-07-27 16:50:00+03:00,1.625479,31.86847,35.5932,0,1447.216,1685.522,2471.321,26.66251,31.04381,45.80146,11.77952,9.932685,1.635085,0,639.5438
2022-07-27 17:00:00+03:00,2.263798,30.31968,35.03624,0,1447.204,1685.171,2462.648,26.66251,31.12039,45.45854,11.78543,9.938886,1.632023,0,600.6332
2022-07-27 17:10:00+03:00,1.650158,28.86244,35.53597,0,1446.41,1688.817,2441.948,26.66251,31.3246,45.27161,11.78839,9.917201,1.631003,0,580.7965
2022-07-27 17:20:00+03:00,1.305319,29.97253,35.55886,0,1447.985,1689.265,2426.525,26.71443,31.3246,45.24563,11.80021,9.938886,1.623875,0,534.0658
2022-07-27 17:30:00+03:00,1.131232,31.06355,35.06676,0,1449.548,1690.246,2406.103,26.84422,31.52882,44.89797,11.77952,9.926491,1.621842,0,506.5995
2022-07-27 17:40:00+03:00,0.968484,30.84611,35.70001,0,1447.971,1687.838,2395.948,26.87019,31.51619,44.54574,11.78543,9.945084,1.627946,0,483.711
2022-07-27 17:50:00+03:00,1.637485,29.75128,34.77683,0,1449.93,1692.125,2384.154,26.92781,31.7075,43.70346,11.78543,9.929589,1.636106,0,215.7244
2022-07-27 18:00:00+03:00,1.121894,32.78782,34.44495,0,1451.109,1691.5,2365.725,27.07786,31.73304,42.68004,11.77361,9.929589,1.656612,0,410.4677
2022-07-27 18:10:00+03:00,1.229948,33.59274,34.09018,0,1450.319,1690.873,2349.087,27.03741,31.73951,41.6901,11.77952,9.935788,1.673127,0,387.5792
2022-07-27 18:20:00+03:00,1.544772,34.49683,34.06348,0,1449.907,1691.768,2339.157,27.10381,31.72085,41.28421,11.78543,9.929589,1.684538,0,365.2628
2022-07-27 18:30:00+03:00,1.618809,33.74914,33.91852,0,1452.277,1693.828,2321.044,27.28553,31.8291,40.53762,11.77066,9.923392,1.70331,0,330.9301
2022-07-27 18:40:00+03:00,1.788894,34.05814,33.25475,0,1451.087,1692.484,2317.767,27.26534,31.93725,39.8459,11.77952,9.929589,1.713792,0,300.0305
2022-07-27 18:50:00+03:00,1.404702,36.39658,33.27764,0,1451.079,1692.304,2294.935,27.29129,31.88018,39.07832,11.78839,9.938886,1.734872,0,262.2644
2022-07-27 19:00:00+03:00,1.378022,36.28977,32.79697,0,1453.46,1694.367,2296.56,27.41533,31.8992,38.44165,11.77657,9.941986,1.743347,0,230.9834
2022-07-27 19:10:00+03:00,1.48074,37.57534,32.27436,0,1453.048,1693.554,2286.83,27.44129,31.93725,37.75936,11.77952,9.954395,1.753976,0,195.6969
2022-07-27 19:20:00+03:00,1.598799,37.91867,31.79752,0,1452.623,1692.92,2265.882,27.4932,31.88669,37.10065,11.7943,9.945084,1.76785,0,165.7511
2022-07-27 19:30:00+03:00,0.689678,39.05165,31.49233,0,1451.825,1694.537,2262.674,27.45287,31.86114,36.34594,11.79726,9.957501,1.779641,0,77.24879
2022-07-27 19:40:00+03:00,0.309488,39.36828,31.05745,0,1452.601,1692.92,2251.483,27.59703,31.91823,35.64259,11.78839,9.951291,1.794715,0,63.89715
2022-07-27 19:50:00+03:00,0.655661,40.81407,30.59968,0,1454.597,1694.722,2229.252,27.67492,31.88018,34.98881,11.78248,9.94819,1.805528,0,62.56199
2022-07-27 20:00:00+03:00,0.003335,41.76394,30.2678,0,1454.177,1693.37,2229.252,27.68074,31.83559,34.39915,11.78839,9.954395,1.820733,0,40.05493
2022-07-27 20:10:00+03:00,0,42.21027,29.56969,0,1453.753,1693.37,2218.21,27.70087,31.68235,33.85754,11.79134,9.954395,1.833826,0,18.6923
2022-07-27 20:20:00+03:00,0,45.70077,28.84108,0,1452.965,1690.142,2213.495,27.75863,31.72047,33.27848,11.80021,9.963706,1.843682,0,12.58869
2022-07-27 20:30:00+03:00,0,46.20813,28.34516,0,1454.943,1692.572,2199.399,27.75018,31.6568,32.71491,11.78839,9.935788,1.859076,0,12.97017
2022-07-27 20:40:00+03:00,0,46.71931,28.14297,0,1455.32,1694.816,2188.498,27.88844,31.63739,32.21933,11.78839,9.938886,1.864593,0,9.727627
2022-07-27 20:50:00+03:00,0,47.53567,27.65469,0,1454.53,1690.959,2186.943,27.86833,31.52263,31.65674,11.7943,9.941986,1.881202,0,5.14992
2022-07-27 21:00:00+03:00,0,47.98199,27.25414,0,1452.894,1691.588,2176.094,27.8742,31.49065,31.25982,11.80613,9.932685,1.929299,0,2.670329
2022-07-27 21:10:00+03:00,0,50,26.64378,0,1453.265,1690.426,2171.462,27.90603,31.34387,30.86958,11.80909,9.926491,1.948514,0,1.525902
2022-07-27 21:20:00+03:00,0,51.7319,25.85413,0,1456.487,1689.978,2163.758,27.94624,31.3246,30.5207,11.80021,9.941986,1.906838,0,1.335164
2022-07-27 21:30:00+03:00,0,52.60167,25.40398,0,1455.278,1691.5,2159.148,28.07608,31.3246,30.02952,11.80021,9.926491,1.915804,0,1.335164
2022-07-27 21:40:00+03:00,0.068701,55.4284,24.97673,0,1456.862,1689.177,2151.485,28.09615,31.17144,29.71307,11.79726,9.941986,1.919172,0,1.335164
2022-07-27 21:50:00+03:00,0.49358,53.76898,24.89662,0,1456.459,1689.801,2139.275,28.05599,31.12039,29.31918,11.80021,9.932685,1.932682,0,1.335164
2022-07-27 22:00:00+03:00,0.3335,53.54391,24.65248,0,1456.459,1688.196,2134.716,28.11621,30.96722,29.04428,11.80317,9.941986,1.938327,0,1.335164
2022-07-27 22:10:00+03:00,0.794397,54.84092,24.5037,0,1455.652,1688.373,2131.679,28.11621,30.91617,28.77796,11.80613,9.929589,1.998776,0,1.335164
2022-07-27 22:20:00+03:00,0.701017,54.7837,24.29771,0,1455.232,1688.103,2134.716,28.07608,30.77568,28.52149,11.81501,9.941986,1.946248,0,1.335164
2022-07-27 22:30:00+03:00,0.520927,54.88289,24.44648,0,1455.232,1687.659,2124.104,28.05599,30.71196,28.23558,11.81501,9.929589,1.970125,0,1.144427
2022-07-27 22:40:00+03:00,0.728364,55.34447,24.10696,0,1455.215,1685.347,2116.558,28.09615,30.60985,28.05476,11.81205,9.926491,1.965563,0,1.335164
2022-07-27 22:50:00+03:00,0.486243,57.16029,23.77508,0,1455.62,1684.81,2107.531,28.12212,30.50773,27.7465,11.81797,9.929589,1.967843,0,1.144427
2022-07-27 23:00:00+03:00,0.810405,57.20988,23.62631,0,1454.811,1685.868,2116.558,28.11621,30.40563,27.56403,11.81501,9.917201,1.975835,0,1.144427
2022-07-27 23:10:00+03:00,1.074537,57.5494,23.56146,0,1455.603,1682.505,2106.032,28.17404,30.35457,27.30735,11.81797,9.932685,1.981556,0,1.144427
2022-07-27 23:20:00+03:00,0.69368,59.06004,23.2372,0,1455.181,1684.003,2104.531,28.15398,30.30353,27.10068,11.82389,9.917201,1.989581,0,1.144427
2022-07-27 23:30:00+03:00,0.370852,59.63226,22.96254,0,1455.973,1682.851,2101.534,28.128,30.0993,26.84694,11.82389,9.923392,1.993026,0,1.144427
2022-07-27 23:40:00+03:00,0.242788,60.68131,22.58106,0,1455.99,1683.462,2101.534,28.12212,30.0993,26.76485,11.82094,9.917201,2.004536,0,1.144427
2022-07-27 23:50:00+03:00,0.072036,60.02136,22.69933,0,1456.378,1681.162,2101.534,28.09615,29.97167,26.68588,11.82389,9.929589,2.005689,0,1.144427
2022-07-28 00:00:00+03:00,0,60.31891,22.85191,0,1455.99,1680.622,2089.587,28.17404,29.89509,26.48069,11.80909,9.914103,2.010306,0,1.144427
2022-07-28 00:10:00+03:00,0.158079,60.40665,22.69933,0,1455.163,1679.205,2094.059,28.07608,29.71639,26.29415,11.81797,9.914103,2.019557,0,1.144427
2022-07-28 00:20:00+03:00,0.251459,61.96307,22.39033,0,1455.568,1678.497,2094.059,28.07608,29.69087,26.11766,11.81501,9.914103,2.025354,0,1.144427
2022-07-28 00:30:00+03:00,0,62.47807,22.04318,0,1456.378,1678.497,2100.037,28.09615,29.61429,26.01569,11.81797,9.904819,2.027675,0,1.144427
2022-07-28 00:40:00+03:00,0.558946,61.95163,22.05081,0,1455.99,1677.083,2086.609,28.07608,29.48665,25.81168,11.81797,9.911007,2.035811,0,1.144427
2022-07-28 00:50:00+03:00,0.384192,61.89059,22.03937,0,1455.973,1677.685,2080.669,28.07608,29.46113,25.65403,11.81501,9.917201,2.040468,0,1.144427
2022-07-28 01:00:00+03:00,0.602301,62.8481,21.89822,0,1456.412,1676.107,2094.059,28.11621,29.28245,25.54943,11.81205,9.911007,2.047467,0,1.144427
2022-07-28 01:10:00+03:00,0.636985,62.02792,21.85626,0,1456.412,1677.576,2089.587,28.05599,29.28245,25.44611,11.80909,9.901728,2.048635,0,1.144427
2022-07-28 01:20:00+03:00,0.352176,62.24155,21.81048,0,1457.221,1675.564,2088.098,28.07018,29.10375,25.1927,11.81797,9.911007,2.05331,0,1.144427
2022-07-28 01:30:00+03:00,0.229448,62.38651,21.84863,0,1454.794,1674.587,2083.635,27.9722,29.11709,25.2407,11.80909,9.898633,2.054479,0,1.144427
2022-07-28 01:40:00+03:00,0,64.99962,21.61975,0,1456.428,1674.316,2086.609,27.9722,28.89348,25.08571,11.81501,9.901728,2.067374,0,1.144427
2022-07-28 01:50:00+03:00,0.310155,64.09933,21.63119,0,1455.62,1675.182,2088.098,27.96046,28.91294,25.07465,11.81797,9.892449,2.067374,0,1.335164
2022-07-28 02:00:00+03:00,0.695681,65.09117,21.47097,0,1455.232,1673.77,2085.123,27.88844,28.93239,25.05868,11.81205,9.898633,2.070898,0,1.144427
2022-07-28 02:10:00+03:00,0.650325,65.24757,21.63501,0,1455.636,1672.633,2085.123,27.90854,28.70878,25.09929,11.81205,9.889354,2.079137,0,1.144427
2022-07-28 02:20:00+03:00,0.158746,63.02357,22.02411,0,1455.636,1673.224,2083.635,27.86833,28.70878,25.05868,11.80909,9.889354,2.079137,0,1.144427
2022-07-28 02:30:00+03:00,0.370852,61.68078,22.52766,0,1456.443,1672.088,2091.077,27.85663,28.59468,25.05868,11.80909,9.892449,2.082674,0,1.144427
2022-07-28 02:40:00+03:00,0.022011,61.95163,22.34455,0,1455.652,1671.384,2092.567,27.88844,28.50463,25.0703,11.80317,9.873909,2.081495,0,1.144427
2022-07-28 02:50:00+03:00,0.007337,61.56634,22.32548,0,1455.636,1672.985,2089.587,27.84823,28.52567,25.05318,11.80317,9.876997,2.09449,0,1.144427
2022-07-28 03:00:00+03:00,0.397532,61.8143,22.13092,0,1456.848,1670.407,2086.609,27.8047,28.33957,24.89273,11.81205,9.880086,2.086215,0,1.144427
2022-07-28 03:10:00+03:00,0.332833,66.39582,21.39086,0,1454.441,1671.575,2085.123,27.75863,28.30047,24.70326,11.81501,9.873909,2.099227,0,1.144427
2022-07-28 03:20:00+03:00,0.249458,59.71618,22.39796,0,1455.248,1672.861,2085.123,27.68074,28.28258,24.54213,11.81501,9.861565,2.102784,0,1.144427
2022-07-28 03:30:00+03:00,0.585626,57.7554,23.17235,0,1454.458,1671.226,2088.098,27.70087,28.21371,24.45921,11.81205,9.892449,2.107532,0,1.144427
2022-07-28 03:40:00+03:00,0.761047,59.93744,23.05791,0,1454.828,1670.317,2083.635,27.64047,28.1159,24.40756,11.82094,9.858479,2.108721,0,1.144427
2022-07-28 03:50:00+03:00,0.538936,61.61975,22.81377,0,1455.695,1670.04,2085.123,27.67492,28.17461,24.43208,11.80317,9.86465,2.118239,0,1.144427
2022-07-28 04:00:00+03:00,0.235451,63.56527,22.44755,0,1455.32,1668.91,2082.15,27.58271,28.06073,24.31387,11.79726,9.86465,2.114667,0,1.144427
2022-07-28 04:10:00+03:00,0.673003,63.14565,22.35218,0,1453.296,1669.485,2095.552,27.5769,27.97056,24.15461,11.80613,9.855391,2.12898,0,1.335164
2022-07-28 04:20:00+03:00,0.434884,61.66552,22.58869,0,1453.713,1670.594,2083.635,27.4932,27.96466,24.14823,11.80909,9.861565,2.124202,0,1.525902
2022-07-28 04:30:00+03:00,0.484242,59.83062,22.67262,0,1453.727,1665.824,2082.15,27.47305,27.81165,24.16426,11.80317,9.86465,2.12659,0,1.335164
2022-07-28 04:40:00+03:00,0.457562,62.62302,22.19577,0,1454.128,1667.946,2079.184,27.45287,27.80576,24.14285,11.80317,9.843062,2.124202,0,1.144427
2022-07-28 04:50:00+03:00,0.437552,64.94621,22.02792,0,1454.542,1668.515,2089.587,27.47305,27.78616,23.94179,11.7943,9.833816,2.13496,0,1.144427
2022-07-28 05:00:00+03:00,0.843088,64.19852,22.4361,0,1453.74,1665.415,2083.635,27.4932,27.64488,23.87599,11.80021,9.839982,2.136157,0,1.144427
2022-07-28 05:10:00+03:00,0.68701,65.11787,22.25681,0,1454.154,1663.445,2085.123,27.44129,27.5625,23.79228,11.78543,9.839982,2.142149,0,1.144427
2022-07-28 05:20:00+03:00,1.212606,66.45686,22.03937,0,1452.952,1666.828,2085.123,27.37496,27.57629,23.80303,11.80021,9.830737,2.149354,0,1.144427
2022-07-28 05:30:00+03:00,0.895114,67.14351,21.74182,0,1452.577,1664.291,2094.059,27.35478,27.47431,23.75142,11.79726,9.846142,2.148152,0,1.144427
2022-07-28 05:40:00+03:00,0.278806,68.25742,21.4023,0,1453.377,1663.868,2083.635,27.31149,27.39782,23.70073,11.80317,9.849228,2.152961,0,1.144427
2022-07-28 05:50:00+03:00,0.594297,67.66994,21.54727,0,1453.777,1665.559,2092.567,27.26534,27.39782,23.54943,11.78839,9.846142,2.158982,0,1.144427
2022-07-28 06:00:00+03:00,0.10005,69.74136,21.02464,0,1454.966,1663.877,2088.098,27.28553,27.34682,23.56995,11.79134,9.836894,2.158982,0,1.144427
2022-07-28 06:10:00+03:00,0,71.5877,20.42573,0,1454.187,1663.176,2088.098,27.21342,27.24485,23.3189,11.78543,9.836894,2.16622,0,1.71664
2022-07-28 06:20:00+03:00,0.250125,71.46181,20.56306,0,1453.799,1663.317,2077.703,27.20765,27.19385,23.31722,11.78248,9.827658,2.167428,0,3.051804
2022-07-28 06:30:00+03:00,0.171419,70.9659,20.74617,0,1451.403,1664.298,2079.184,27.07786,27.19385,23.15718,11.79726,9.821499,2.174683,0,8.392462
2022-07-28 06:40:00+03:00,0.021344,73.07927,20.22736,0,1453,1661.916,2082.15,27.07786,27.06637,23.13219,11.79134,9.830737,2.181952,0,16.78492
2022-07-28 06:50:00+03:00,0.012673,73.67056,20.16251,0,1453.011,1661.636,2080.669,27.07786,26.98987,23.07979,11.78543,9.827658,2.190451,0,23.27001
2022-07-28 07:00:00+03:00,0.039353,74.18555,20.18158,1,1453.419,1662.193,2088.098,27.05764,26.98987,22.92653,11.78543,9.818422,2.192883,0,28.99214
2022-07-28 07:10:00+03:00,0,74.85313,20.16251,1,1452.213,1664.159,2080.669,27.05764,26.88789,22.956,11.77952,9.830737,2.192883,0,39.48272
2022-07-28 07:20:00+03:00,0.082708,74.18555,20.29984,1,1452.234,1659.538,2089.587,27.0519,26.88789,22.95081,11.78839,9.821499,2.196534,0,48.82887
2022-07-28 07:30:00+03:00,0.157412,72.70924,20.74998,0,1451.437,1660.093,2085.123,26.9221,26.7859,22.95081,11.7943,9.818422,2.201407,0,55.88617
2022-07-28 07:40:00+03:00,0.005336,71.77081,21.18868,0,1450.662,1659.394,2088.098,26.89614,26.7859,23.10638,11.79134,9.809193,2.201407,0,72.28962
2022-07-28 07:50:00+03:00,0.074037,68.82582,22.32166,0,1451.855,1659.53,2076.22,26.84993,26.68391,23.26037,11.78543,9.821499,2.208729,0,115.0149
2022-07-28 08:00:00+03:00,0,67.47158,23.63775,0,1451.864,1657.717,2098.541,26.87019,26.60743,23.56995,11.78248,9.815342,2.206287,0,226.7872
2022-07-28 08:10:00+03:00,0.016675,61.51674,24.46174,0,1451.88,1657.85,2091.077,26.84422,26.58192,23.96224,11.78839,9.809193,2.208729,0,124.5518
2022-07-28 08:20:00+03:00,0.223445,62.48951,23.99252,0,1451.079,1659.097,2110.537,26.71443,26.58192,24.22025,11.7943,9.799965,2.216066,0,106.6224
2022-07-28 08:30:00+03:00,0.126063,61.72274,24.13748,0,1450.294,1659.229,2115.051,26.71443,26.55643,24.34072,11.79134,9.799965,2.21974,0,140.0015
2022-07-28 08:40:00+03:00,0.079373,62.356,24.13748,0,1450.303,1658.114,2121.083,26.66251,26.45444,24.47961,11.78839,9.812268,2.216066,0,98.03922
2022-07-28 08:50:00+03:00,0.24679,62.96254,23.78271,0,1450.707,1657.285,2125.618,26.66251,26.47425,24.40533,11.77952,9.806118,2.21974,0,92.69856
2022-07-28 09:00:00+03:00,0.115391,60.26169,25.30861,0,1450.319,1656.587,2130.162,26.66251,26.37796,24.51707,11.77657,9.80304,2.225871,0,330.3578
2022-07-28 09:10:00+03:00,0.167417,56.16083,27.48302,0,1451.505,1656.02,2131.679,26.66251,26.37796,24.85207,11.77066,9.796893,2.21974,0,380.3311
2022-07-28 09:20:00+03:00,0.176755,51.92645,28.4329,0,1451.121,1655.452,2125.618,26.66251,26.37796,25.21053,11.7677,9.790745,2.229554,0,411.8029
2022-07-28 09:30:00+03:00,0.422878,48.43977,28.52064,0,1448.759,1655.864,2148.425,26.4808,26.37796,25.67857,11.78248,9.787674,2.218515,0,443.6561
2022-07-28 09:40:00+03:00,0.364849,45.57107,28.88304,0,1450.343,1656.277,2151.485,26.45484,26.37228,26.01434,11.77952,9.781531,2.220965,0,467.1168
2022-07-28 09:50:00+03:00,0.172753,46.47135,29.65743,0,1449.548,1654.47,2165.293,26.45484,26.32696,26.29845,11.77657,9.790745,2.21729,0,502.0218
2022-07-28 10:00:00+03:00,0.239453,44.13672,30.13047,0,1449.171,1654.342,2160.684,26.45484,26.26465,26.68588,11.77952,9.790745,2.213618,0,526.4363
2022-07-28 10:10:00+03:00,0.014007,41.79065,30.93156,0,1449.958,1655.294,2173.003,26.43452,26.27597,27.10068,11.76475,9.784599,2.212395,0,556.5728
2022-07-28 10:20:00+03:00,0.044689,42.45441,31.12993,0,1450.355,1653.773,2182.285,26.38259,26.32696,27.74484,11.75885,9.799965,2.207508,0,582.3224
2022-07-28 10:30:00+03:00,0.247457,39.33394,31.99588,0,1449.576,1656.53,2200.962,26.29908,26.37796,28.34066,11.77361,9.781531,2.196534,0,615.3201
2022-07-28 10:40:00+03:00,0.279473,40.52796,31.41604,0,1448.399,1656.242,2210.356,26.27313,26.37228,29.07012,11.77657,9.781531,2.191667,0,634.0124
2022-07-28 10:50:00+03:00,0.496915,41.38247,31.70596,0,1447.618,1655.008,2241.931,26.24717,26.37796,29.72851,11.77361,9.77846,2.175893,0,657.2824
2022-07-28 11:00:00+03:00,0.215441,39.07454,31.59151,0,1448.01,1656.117,2264.28,26.24717,26.37796,30.70804,11.7677,9.77539,2.172262,0,678.4543
2022-07-28 11:10:00+03:00,0.238119,38.28107,32.23621,0,1447.173,1656.404,2281.981,26.22681,26.37796,32.08747,11.79726,9.77539,2.14095,0,701.1521
2022-07-28 11:20:00+03:00,0.214774,36.26307,32.96483,0,1449.189,1656.404,2306.325,26.24717,26.40345,33.32623,11.76475,9.77846,2.113476,0,719.2721
2022-07-28 11:30:00+03:00,0.512256,36.08759,33.44549,0,1451.141,1658.053,2340.806,26.24717,26.50544,34.39634,11.75589,9.769253,2.093307,0,741.7792
