name,time,actual_max_temperature,actual_min_temperature,actual_wind_gust_speed,actual_wind_speed,average_accuracy,forecasted_max_temperature,forecasted_min_temperature,forecasted_wind_gust_speed,forecasted_wind_speed,max_temperature,max_temperature_accuracy,max_temperature_accuracy_max,min_temperature,min_temperature_accuracy,min_temperature_accuracy_max,wind_gust_speed,wind_gust_speed_accuracy,wind_speed,wind_speed_accuracy,wind_speed_accuracy_max
accu_diffs,2022-02-27T00:00:00Z,12.245833333333335,-0.8916666666666658,7.1875,7.1875,99.99372902051866,12.7,0,14.8,1.9,0.00037087444709084496,99.99962912555291,true,0.01,99.99,false,0.007356521739130434,false,0.007356521739130434,99.99264347826087,false
accu_diffs,2022-02-28T00:00:00Z,9.474999999999998,-0.25000000000000006,10.358333333333333,10.358333333333333,99.98169230540631,10.6,1.5,29.6,9.3,0.001187335092348287,99.99881266490765,false,0.06999999999999998,99.93,false,0.0010217216411906663,false,0.0010217216411906663,99.9989782783588,true
accu_diffs,2022-03-01T00:00:00Z,3.9291666666666676,-1.091666666666667,12.433333333333335,12.433333333333335,99.99606758353028,4.5,-2.1,27.8,9.3,0.001452810180275713,99.99854718981972,true,0.009236641221374041,99.99076335877862,false,0.0025201072386058987,false,0.0025201072386058987,99.99747989276139,false
accu_diffs,2022-03-02T00:00:00Z,3.904166666666668,-0.9833333333333331,11.716666666666669,7.966666666666668,99.99453558577451,4.7,-2.5,20.4,7.4,0.0020384204909284914,99.99796157950907,false,0.01542372881355933,99.98457627118644,false,0.00368421052631579,false,0.0007112970711297079,99.99928870292887,true
accu_diffs,2022-03-03T00:00:00Z,2.9652173913043485,-1.704347826086957,16.12608695652174,13.734782608695657,99.99035213812014,2.6,-6.8,22.2,9.3,0.001231671554252201,99.99876832844575,true,0.029897959183673464,99.97010204081633,false,0.0042329468859530865,false,0.003228869895536564,99.99677113010446,false
accu_diffs,2022-03-04T00:00:00Z,5.120833333333335,-4.095833333333332,9.662500000000001,9.662500000000001,99.99253335650275,3.7,-7.7,44.4,18.5,0.0027746135069161948,99.99722538649308,true,0.008799593082400818,99.9912004069176,false,0.00914618369987063,false,0.00914618369987063,99.99085381630013,false
accu_diffs,2022-03-05T00:00:00Z,7.699999999999998,-1.937499999999999,5.491666666666666,5.491666666666666,99.9938114575473,6.9,-1.3,24.1,11.1,0.0010389610389610366,99.99896103896104,true,0.0032903225806451574,99.99670967741936,false,0.010212443095599395,false,0.010212443095599395,99.9897875569044,false
accu_diffs,2022-03-06T00:00:00Z,7.3086956521739115,0.7521739130434785,7.586956521739128,7.586956521739128,99.99347982925784,8.7,1.8,14.8,3.7,0.0019036287923854863,99.99809637120761,true,0.013930635838150286,99.98606936416185,false,0.00512320916905444,false,0.00512320916905444,99.99487679083094,false
accu_diffs,2022-03-07T00:00:00Z,4.039130434782608,0.6260869565217393,2.9956521739130437,2.9956521739130437,99.98811195599659,3.6,0.9,24.1,9.3,0.0010871905274488685,99.99891280947256,true,0.004374999999999997,99.995625,false,0.02104499274310595,false,0.02104499274310595,99.9789550072569,false
accu_diffs,2022-03-08T00:00:00Z,6.666666666666664,-0.8583333333333331,3.6458333333333335,3.6458333333333335,99.9935703744799,4.8,-2.8,16.7,3.7,0.002799999999999998,99.9972,false,0.022621359223300982,99.97737864077669,false,0.00014857142857142863,false,0.00014857142857142863,99.99985142857143,true
accu_diffs,2022-03-09T00:00:00Z,7.313043478260871,-1.0869565217391304,13.378260869565217,13.378260869565217,99.99413288799143,8.6,-0.3,11.1,3.7,0.001759809750297262,99.9982401902497,true,0.00724,99.99276,false,0.00723431914202145,false,0.00723431914202145,99.99276568085799,false
accu_diffs,2022-03-10T00:00:00Z,3.4782608695652173,-4.1347826086956525,20.86521739130435,16.269565217391307,99.99751691582352,3.8,-2.8,29.6,13,0.0009249999999999997,99.999075,true,0.003228180862250264,99.99677181913775,false,0.0037695353198583035,false,0.002009620523784074,99.99799037947622,false
accu_diffs,2022-03-11T00:00:00Z,2.9869565217391307,-6.065217391304347,12.821739130434784,12.821739130434784,99.99772043349103,3,-7.9,48.2,16.7,0.00004366812227074136,99.99995633187773,true,0.00302508960573477,99.99697491039427,false,0.0030247541539504897,false,0.0030247541539504897,99.99697524584604,false
accu_diffs,2022-03-12T00:00:00Z,2.67391304347826,-7.778260869565217,9.591304347826087,9.591304347826087,99.99601154666368,2.9,-8,40.7,16.7,0.0008455284552845565,99.99915447154471,false,0.0002850754611514822,99.99971492453885,true,0.00741160471441523,false,0.00741160471441523,99.99258839528558,false
accu_diffs,2022-03-13T00:00:00Z,2.2086956521739123,-6.982608695652174,9.513043478260869,9.513043478260869,99.99872832342572,2.4,-7.6,37,11.1,0.0008661417322834679,99.99913385826771,true,0.0008841843088418425,99.99911581569116,false,0.00166819012797075,false,0.00166819012797075,99.99833180987203,false
accu_diffs,2022-03-14T00:00:00Z,3.7499999999999996,-6.9333333333333345,3.870833333333334,3.870833333333334,99.98911072010156,2,-8,22.2,11.1,0.004666666666666666,99.99533333333333,false,0.0015384615384615365,99.99846153846154,true,0.018675995694294935,false,0.018675995694294935,99.9813240043057,false
accu_diffs,2022-03-15T00:00:00Z,7.104347826086956,-4.5304347826086975,5.095652173913043,5.095652173913043,99.99598707003037,5.6,-3.9,18.5,1.9,0.00211750305997552,99.99788249694002,false,0.0013915547024952052,99.9986084452975,true,0.006271331058020478,false,0.006271331058020478,99.99372866894198,false
accu_diffs,2022-03-16T00:00:00Z,10.582608695652171,-3.8608695652173908,6.126086956521741,6.126086956521741,99.99733191282367,8.6,-4.2,13,3.7,0.001873459326211995,99.9981265406738,false,0.0008783783783783804,99.99912162162163,true,0.003960255500354863,false,0.003960255500354863,99.99603974449964,false
accu_diffs,2022-03-17T00:00:00Z,13.004347826086954,-1.2130434782608708,4.5260869565217385,4.5260869565217385,99.99767855986022,12.6,-0.7,14.8,5.6,0.0003109327983951843,99.9996890672016,true,0.00422939068100359,99.995770609319,false,0.0023727185398655145,false,0.0023727185398655145,99.99762728146014,false
accu_diffs,2022-03-18T00:00:00Z,12.99130434782609,1.7521739130434788,8.382608695652175,8.382608695652175,99.99632121745013,13.5,1.2,11.1,3.7,0.00039156626506023915,99.99960843373493,true,0.0031513647642679925,99.99684863523574,false,0.0055860995850622415,false,0.0055860995850622415,99.99441390041494,false
accu_diffs,2022-03-19T00:00:00Z,10.060869565217391,1.3826086956521737,3.4782608695652186,3.4782608695652186,99.98958999034454,11.6,2.3,31.5,9.3,0.0015298184961106305,99.99847018150389,true,0.006635220125786164,99.99336477987421,false,0.016737499999999992,false,0.016737499999999992,99.9832625,false
accu_diffs,2022-03-20T00:00:00Z,4.14782608695652,-2.7869565217391314,3.5652173913043486,3.5652173913043486,99.99932052077143,3.8,-3.1,16.7,3.7,0.0008385744234800814,99.99916142557652,false,0.0011232449297971883,99.9988767550702,false,0.0003780487804878032,false,0.0003780487804878032,99.99962195121951,true
accu_diffs,2022-03-21T00:00:00Z,4.860869565217393,-3.847826086956522,10.160869565217393,10.160869565217393,99.99658767209844,4.6,-4,18.5,3.7,0.0005366726296958896,99.99946332737031,false,0.0003954802259887,99.99960451977401,true,0.006358579375267437,false,0.006358579375267437,99.99364142062473,false
accu_diffs,2022-03-22T00:00:00Z,5.9347826086956506,-4.217391304347828,11.365217391304347,11.365217391304347,99.9989609626275,5.2,-4.2,35.2,13,0.0012380952380952354,99.9987619047619,false,0.00004123711340206581,99.99995876288659,true,0.0014384085692425413,false,0.0014384085692425413,99.99856159143076,false
accu_diffs,2022-03-23T00:00:00Z,9.617391304347828,-2.9608695652173918,18.847826086956523,18.847826086956523,99.99793991523316,6.6,-3.2,46.3,14.8,0.003137432188065101,99.99686256781193,false,0.0008076358296622603,99.99919236417034,true,0.0021476355247981548,false,0.0021476355247981548,99.99785236447521,false
accu_diffs,2022-03-24T00:00:00Z,13.12608695652174,0.22173913043478266,10.482608695652175,10.482608695652175,99.99187965371024,11.8,0.1,57.4,24.1,0.0010102683007618424,99.99898973169924,true,0.0054901960784313735,99.99450980392157,false,0.012990460389879718,false,0.012990460389879718,99.98700953961011,false
accu_diffs,2022-03-25T00:00:00Z,15.799999999999992,0.8869565217391302,10.56086956521739,10.56086956521739,99.9962092892733,14.6,-0.3,27.8,11.1,0.0007594936708860714,99.99924050632912,false,0.013382352941176472,99.98661764705882,false,0.0005104981473857568,false,0.0005104981473857568,99.99948950185261,true
accu_diffs,2022-03-26T00:00:00Z,18.247826086956533,2.6043478260869573,9.356521739130438,9.356521739130438,99.99705560609917,16.9,0.7,35.2,11.1,0.0007386228258279787,99.99926137717418,true,0.007312186978297162,99.9926878130217,false,0.0018633828996282489,false,0.0018633828996282489,99.99813661710037,false
accu_diffs,2022-03-27T00:00:00Z,18.98260869565217,4.169565217391304,6.534782608695653,6.534782608695653,99.99524475828174,19.6,2.2,40.7,11.1,0.0003252404947320223,99.99967475950527,true,0.004723670490093846,99.9952763295099,false,0.0069860279441117746,false,0.0069860279441117746,99.99301397205589,false
accu_diffs,2022-03-28T00:00:00Z,18.626086956521732,3.339130434782607,5.499999999999999,5.499999999999999,99.99646138164073,18.3,5.7,24.1,7.4,0.00017507002801120034,99.999824929972,true,0.007070312500000009,99.9929296875,false,0.0034545454545454575,false,0.0034545454545454575,99.99654545454545,false
accu_diffs,2022-03-29T00:00:00Z,17.804347826086957,5.25217391304348,5.865217391304348,5.086956521739131,99.99437206046372,15.5,5.5,31.5,11.1,0.0012942612942612945,99.99870573870574,false,0.0004718543046357583,99.99952814569536,true,0.008925129725722755,false,0.01182051282051282,99.9881794871795,false
accu_diffs,2022-03-30T00:00:00Z,15.195652173913043,3.278260869565219,5.239130434782608,5.239130434782608,99.99621874524624,17.2,5.1,20.4,7.4,0.0013190271816881259,99.9986809728183,true,0.0055570291777188256,99.99444297082228,false,0.004124481327800831,false,0.004124481327800831,99.9958755186722,false
accu_diffs,2022-03-31T00:00:00Z,17.886956521739126,4.4956521739130455,6.769565217391304,6.769565217391304,99.99643419458283,17.7,7.5,24.1,9.3,0.00010452114730189403,99.9998954788527,true,0.006682785299806569,99.9933172147002,false,0.0037379576107899825,false,0.0037379576107899825,99.9962620423892,false
accu_diffs,2022-04-01T00:00:00Z,18.282608695652183,7.2826086956521765,7.1,7.1,99.99527855046586,18.2,8.9,40.7,13,0.00004518430439952956,99.9999548156956,true,0.002220895522388056,99.99777910447762,false,0.008309859154929577,false,0.008309859154929577,99.99169014084507,false
accu_diffs,2022-04-02T00:00:00Z,18.404347826086962,6.956521739130432,13.700000000000001,12.65217391304348,99.99835309347463,18.2,6.2,51.9,16.7,0.00011103236475313348,99.99988896763524,true,0.0010874999999999962,99.9989125,false,0.002189781021897809,false,0.0031993127147766295,99.99680068728523,false
accu_diffs,2022-04-03T00:00:00Z,16.547826086956523,6.960869565217393,18.282608695652176,15.617391304347823,99.99913473084834,18.6,6.5,59.3,16.7,0.0012401471361008936,99.9987598528639,false,0.0006620861961274221,99.99933791380387,true,0.0008656361474435209,false,0.0006932071269487767,99.99930679287306,false
accu_diffs,2022-04-04T00:00:00Z,12.230434782608697,2.91304347826087,12.408695652173913,12.408695652173913,99.99871447201934,12.2,1.7,42.6,13,0.00002488446498400433,99.99997511553502,true,0.004164179104477614,99.99583582089552,false,0.0004765241765942538,false,0.0004765241765942538,99.99952347582341,false
accu_diffs,2022-04-05T00:00:00Z,12.599999999999998,1.891304347826087,6.691304347826086,6.691304347826086,99.98910690999529,12.6,1.4,55.6,20.4,1.4098070153970244e-18,100,true,0.0025977011494252877,99.99740229885057,false,0.020487329434697856,false,0.020487329434697856,99.9795126705653,false
accu_diffs,2022-04-06T00:00:00Z,12.326086956521737,4.117391304347825,1.9521739130434785,1.9521739130434785,99.9898624783064,14.2,4.8,18.5,5.6,0.0015202821869488552,99.99847971781305,true,0.0016578669482576593,99.99834213305174,false,0.018685968819599105,false,0.018685968819599105,99.9813140311804,false
accu_diffs,2022-04-07T00:00:00Z,15.30869565217391,4.382608695652172,6.939130434782609,6.939130434782609,99.99439621694437,11.9,4.3,7.4,0,0.0022266401590457234,99.99777335984095,false,0.00018849206349205895,99.99981150793651,true,0.01,false,0.01,99.99,false
accu_diffs,2022-04-08T00:00:00Z,17.852173913043476,5.508695652173915,6.9347826086956506,6.9347826086956506,99.99931950936889,18.4,6.1,29.6,7.4,0.0003068679980516323,99.99969313200195,true,0.001073401736385157,99.99892659826361,false,0.0006708463949843291,false,0.0006708463949843291,99.99932915360502,false
accu_diffs,2022-04-09T00:00:00Z,19.026086956521734,5.826086956521742,8.31304347826087,8.31304347826087,99.99901284341242,20.8,6.2,25.9,9.3,0.0009323583180987236,99.9990676416819,false,0.0006417910447761146,99.99935820895523,true,0.0011872384937238502,false,0.0011872384937238502,99.99881276150627,false
accu_diffs,2022-04-10T00:00:00Z,22.60434782608695,6.365217391304348,9.508695652173914,9.508695652173914,99.99938179372059,22.5,5.1,25.9,9.3,0.00004616272360068983,99.9999538372764,true,0.001987704918032788,99.99801229508196,false,0.00021947873799725708,false,0.00021947873799725708,99.999780521262,false
accu_diffs,2022-04-11T00:00:00Z,21.439130434782605,6.208695652173914,14.34782608695652,13.539130434782608,99.99849191357119,23.9,5.7,38.9,11.1,0.0011478401946866774,99.99885215980531,false,0.0008193277310924376,99.9991806722689,true,0.0022636363636363626,false,0.0018015414258188826,99.99819845857418,false
accu_diffs,2022-04-12T00:00:00Z,12.021739130434783,2.5217391304347827,20.62173913043478,19.81304347826087,99.99772648870638,11.2,2.2,48.2,13,0.0006835443037974694,99.9993164556962,true,0.001275862068965517,99.99872413793103,false,0.0036959730128610572,false,0.0034386657888962036,99.99656133421111,false
accu_diffs,2022-04-13T00:00:00Z,15.139130434782611,2.1565217391304357,5.004347826086956,5.004347826086956,99.99722568867018,17.5,3.7,18.5,5.6,0.0015594485927627778,99.99844055140724,false,0.007157258064516123,99.99284274193549,false,0.0011902693310165073,false,0.0011902693310165073,99.99880973066898,true
accu_diffs,2022-04-14T00:00:00Z,18.90869565217392,2.0434782608695663,4.917391304347827,4.917391304347827,99.99206724812774,17.8,5.9,13,1.9,0.0005863416877443113,99.99941365831225,true,0.018872340425531903,99.98112765957447,false,0.006136162687886827,false,0.006136162687886827,99.99386383731212,false
accu_diffs,2022-04-15T00:00:00Z,20.430434782608703,5.052173913043478,5.252173913043477,5.252173913043477,99.99778053090603,19.6,5.2,20.4,7.4,0.00040646946158757465,99.99959353053842,false,0.00029259896729776346,99.99970740103271,true,0.004089403973509937,false,0.004089403973509937,99.99591059602649,false
accu_diffs,2022-04-16T00:00:00Z,21.069565217391304,3.9999999999999982,4.126086956521739,4.126086956521739,99.99197663113463,21.1,6.8,22.2,9.3,0.000014444903012794922,99.99998555509698,true,0.007000000000000007,99.993,false,0.01253951527924131,false,0.01253951527924131,99.98746048472076,false
accu_diffs,2022-04-17T00:00:00Z,20.6608695652174,6.643478260869566,6.2086956521739145,6.2086956521739145,99.99907385080401,21.6,7.5,27.8,5.6,0.0004545454545454509,99.99954545454545,true,0.001289267015706805,99.99871073298429,false,0.0009803921568627477,false,0.0009803921568627477,99.99901960784314,false
accu_diffs,2022-04-18T00:00:00Z,16.82608695652174,6.904347826086955,17.708695652173912,15.213043478260866,99.99612012290027,11.3,2.9,27.8,11.1,0.0032842377260981904,99.99671576227391,false,0.005799748110831233,99.99420025188917,false,0.003731892953596857,false,0.0027036296084595587,99.99729637039154,true
accu_diffs,2022-04-19T00:00:00Z,9.778260869565216,3.28695652173913,15.547826086956523,15.547826086956523,99.99658092857781,7.2,2.3,22.2,9.3,0.0026367274344152943,99.99736327256558,true,0.0030026455026455024,99.99699735449735,false,0.004018456375838926,false,0.004018456375838926,99.99598154362415,false
accu_diffs,2022-04-20T00:00:00Z,9.195652173913041,2.839130434782608,5.269565217391306,4.995652173913045,99.9882324731042,7.6,2.9,38.9,16.7,0.0017352245862884144,99.99826477541372,false,0.00021439509954058385,99.99978560490045,true,0.02169141914191418,false,0.023429068755439503,99.97657093124457,false
accu_diffs,2022-04-21T00:00:00Z,12.882608695652175,1.2260869565217387,8.917391304347827,8.656521739130437,99.99662910869702,10.7,1.2,13,3.7,0.0016942288221397247,99.99830577117785,false,0.00021276595744680553,99.99978723404256,true,0.005850804485616773,false,0.0057257659467604225,99.99427423405324,false
accu_diffs,2022-04-22T00:00:00Z,14.673913043478262,3.108695652173913,4.4391304347826095,4.4391304347826095,99.99328590970099,18.5,6.5,22.2,7.4,0.002607407407407407,99.99739259259259,true,0.010909090909090908,99.9890909090909,false,0.006669931439764934,false,0.006669931439764934,99.99333006856024,false
accu_diffs,2022-04-23T00:00:00Z,17.24347826086956,6.017391304347826,8.143478260869564,8.143478260869564,99.9955287181966,14.8,6.7,14.8,1.9,0.001417044881492684,99.99858295511851,false,0.0011343930635838155,99.99886560693642,true,0.007666844634276561,false,0.007666844634276561,99.99233315536573,false
accu_diffs,2022-04-24T00:00:00Z,20.62608695652173,5.869565217391303,7.095652173913043,7.095652173913043,99.99923449618277,21.2,7,22.2,7.4,0.0002782462057335632,99.99972175379426,true,0.001925925925925929,99.99807407407407,false,0.0004289215686274516,false,0.0004289215686274516,99.99957107843137,false
accu_diffs,2022-04-25T00:00:00Z,22.743478260869562,8.039130434782605,6.665217391304347,5.978260869565218,99.99900765817792,23.4,8.2,24.1,7.4,0.00028866373542343806,99.99971133626458,false,0.00020010816657653206,99.99979989183342,true,0.0011024135681669941,false,0.0023781818181818183,99.99762181818181,false
accu_diffs,2022-04-26T00:00:00Z,24.756521739130427,9.582608695652176,7.904347826086958,7.904347826086958,99.99868337821808,23.1,6.4,24.1,7.4,0.0006691253951527891,99.99933087460485,false,0.0033212341197822156,99.99667876588022,false,0.0006380638063806398,false,0.0006380638063806398,99.99936193619362,true
accu_diffs,2022-04-27T00:00:00Z,24.52173913043478,8.386956521739126,6.77391304347826,6.77391304347826,99.99890702944253,24.9,6.4,40.7,7.4,0.0001542553191489361,99.99984574468085,true,0.002369103162260234,99.99763089683773,false,0.0009242618741976907,false,0.0009242618741976907,99.9990757381258,false
accu_diffs,2022-04-28T00:00:00Z,24.130434782608692,8.499999999999996,5.965217391304347,5.965217391304347,99.99711342204834,24.1,8.8,25.9,9.3,0.000012612612612610426,99.99998738738739,true,0.0003529411764705934,99.99964705882353,false,0.005590379008746358,false,0.005590379008746358,99.99440962099125,false
accu_diffs,2022-04-29T00:00:00Z,24.756521739130427,8.491304347826087,8.226086956521739,8.226086956521739,99.999340702161,24.1,8.8,24.1,7.4,0.00026519142957498774,99.99973480857042,true,0.00036354326676907344,99.99963645673323,false,0.0010042283298097243,false,0.0010042283298097243,99.9989957716702,false
accu_diffs,2022-04-30T00:00:00Z,23.13913043478261,8.62173913043478,10.878260869565214,10.878260869565214,99.99882786470724,24.8,7.7,27.8,9.3,0.0007177752724539637,99.99928222472755,true,0.0010690872415531985,99.99893091275845,false,0.0014508393285371669,false,0.0014508393285371669,99.99854916067146,false
accu_diffs,2022-05-01T00:00:00Z,19.026086956521745,10.091304347826084,7.83478260869565,6.78695652173913,99.9971621227724,19.3,9.4,24.1,11.1,0.00014396709323582919,99.99985603290676,true,0.0006850495476087858,99.99931495045239,false,0.0041675915649278614,false,0.00635490070467649,99.99364509929532,false
accu_diffs,2022-05-02T00:00:00Z,17.820833333333326,9.266666666666662,3.104166666666668,3.104166666666668,99.99586660309694,18.5,9.2,18.5,5.6,0.0003811082534486834,99.99961889174655,false,0.00007194244604316141,99.99992805755396,true,0.008040268456375831,false,0.008040268456375831,99.99195973154363,false
accu_diffs,2022-05-03T00:00:00Z,15.204347826086963,8.434782608695656,3.3999999999999995,3.3999999999999995,99.99325096862458,12.7,6.9,18.5,7.4,0.0016471261080926547,99.9983528738919,true,0.0018195876288659826,99.99818041237113,false,0.011764705882352946,false,0.011764705882352946,99.98823529411764,false
accu_diffs,2022-05-04T00:00:00Z,14.021739130434783,5.1521739130434785,2.995652173913044,2.995652173913044,99.99858620241628,13.1,5,14.8,3.7,0.0006573643410852719,99.99934263565892,false,0.00029535864978902994,99.9997046413502,true,0.0023512336719883867,false,0.0023512336719883867,99.99764876632801,false
accu_diffs,2022-05-05T00:00:00Z,16.704347826086952,7.773913043478261,6.291304347826087,6.291304347826087,99.99850031541975,18.1,6.5,20.4,7.4,0.0008355023425299361,99.99916449765747,true,0.0016387024608501123,99.99836129753915,false,0.0017622667588113336,false,0.0017622667588113336,99.99823773324118,false
accu_diffs,2022-05-06T00:00:00Z,20.452173913043477,6.908695652173913,4.839130434782609,4.839130434782609,99.99712147278649,20.9,7.4,20.4,7.4,0.00021896258503401332,99.99978103741496,true,0.0007111390811831348,99.99928886091881,false,0.0052920035938903865,false,0.0052920035938903865,99.9947079964061,false
accu_diffs,2022-05-07T00:00:00Z,21.447826086956525,7.543478260869564,5.64782608695652,5.64782608695652,99.99656582746972,22,7.7,13,1.9,0.0002574498276910588,99.99974255017231,false,0.00020749279538905137,99.99979250720462,true,0.006635873749037721,false,0.006635873749037721,99.99336412625097,false
accu_diffs,2022-05-08T00:00:00Z,19.765217391304358,8.556521739130437,6.056521739130437,6.056521739130437,99.99451156978141,18.2,4.7,29.6,11.1,0.0007919049714034366,99.99920809502859,true,0.004507113821138212,99.99549288617887,false,0.008327351040918873,false,0.008327351040918873,99.99167264895908,false
accu_diffs,2022-05-09T00:00:00Z,18.726086956521748,5.030434782608694,4.682608695652174,4.682608695652174,99.9967184266826,18,5.6,22.2,7.4,0.0003877408869282607,99.99961225911308,true,0.0011322385479688882,99.99886776145203,false,0.005803156917363045,false,0.005803156917363045,99.99419684308263,false
accu_diffs,2022-05-10T00:00:00Z,20.317391304347822,6.021739130434781,5.2434782608695665,5.2434782608695665,99.99650643948887,18.1,6.1,14.8,1.9,0.0010913759897282235,99.99890862401027,false,0.000129963898916969,99.99987003610109,true,0.006376451077943617,false,0.006376451077943617,99.99362354892206,false
accu_diffs,2022-05-11T00:00:00Z,22.586956521739125,7.043478260869564,5.482608695652174,5.482608695652174,99.99807552424346,21.5,7.2,24.1,7.4,0.00048123195380173035,99.9995187680462,false,0.00022222222222222475,99.99977777777778,true,0.0034972244250594774,false,0.0034972244250594774,99.99650277557494,false
accu_diffs,2022-05-12T00:00:00Z,22.786956521739118,7.478260869565213,7.421739130434784,7.421739130434784,99.99868903257334,22.7,7.7,20.4,5.6,0.000038160656363284186,99.99996183934364,true,0.00029651162790698266,99.99970348837209,false,0.002454598711189223,false,0.002454598711189223,99.99754540128882,false
accu_diffs,2022-05-13T00:00:00Z,24.12608695652174,10.160869565217395,6.130434782608697,6.130434782608697,99.99877330423581,22.9,9.9,24.1,7.4,0.0005081996756172289,99.99949180032438,false,0.00025673940949936093,99.9997432605905,true,0.0020709219858156005,false,0.0020709219858156005,99.99792907801418,false
accu_diffs,2022-05-14T00:00:00Z,25.343478260869563,11.108695652173909,5.717391304347826,5.717391304347826,99.99835055997643,24.7,10.6,22.2,7.4,0.00025390289929661994,99.9997460971007,true,0.00045792563600782435,99.99954207436399,false,0.002942965779467681,false,0.002942965779467681,99.99705703422053,false
accu_diffs,2022-05-15T00:00:00Z,25.513043478260872,11.186956521739125,7.908695652173913,7.908695652173913,99.99954439676074,24.8,10.9,25.9,7.4,0.0002794819359236545,99.99972051806408,false,0.00025650991061017774,99.99974349008939,true,0.0006432105552501368,false,0.0006432105552501368,99.99935678944475,false
accu_diffs,2022-05-16T00:00:00Z,25.473913043478266,11.547826086956517,6.213043478260871,6.213043478260871,99.99889353383165,24.7,11.2,22.2,7.4,0.00030380611025772537,99.99969619388975,false,0.00030120481927710526,99.99969879518072,true,0.0019104268719384167,false,0.0019104268719384167,99.99808957312806,false
accu_diffs,2022-05-17T00:00:00Z,26.11666666666666,12.779166666666667,8.762500000000001,7.816666666666667,99.9982942635627,25.7,12.5,14.8,5.6,0.00015954052329291416,99.9998404594767,true,0.0002184545158134986,99.99978154548418,false,0.003609129814550643,false,0.002835820895522389,99.99716417910447,false
accu_diffs,2022-05-18T00:00:00Z,27.691304347826097,12.508695652173914,5.082608695652174,5.082608695652174,99.99752008123255,26.6,12,20.4,7.4,0.0003940964044591019,99.99960590359554,true,0.0004066736183524514,99.99959332638164,false,0.004559452523524381,false,0.004559452523524381,99.99544054747648,false
accu_diffs,2022-05-19T00:00:00Z,27.269565217391307,12.482608695652175,21.91304347826087,16.434782608695656,99.99752081557163,25.5,8.6,33.3,13,0.0006489158163265315,99.99935108418367,true,0.0031104144897248355,99.99688958551027,false,0.004067460317460318,false,0.002089947089947092,99.99791005291006,false
accu_diffs,2022-05-20T00:00:00Z,22.817391304347826,9.965217391304352,8.147826086956522,8.147826086956522,99.99834750664925,19.4,6.7,20.4,7.4,0.0014977134146341468,99.99850228658536,false,0.0032766143106457263,99.99672338568935,false,0.0009178228388473853,false,0.0009178228388473853,99.99908217716116,true
accu_diffs,2022-05-21T00:00:00Z,22.2695652173913,6.504347826086959,5.665217391304347,5.665217391304347,99.99703039876432,23.8,9.8,20.4,7.4,0.0006872315501757152,99.99931276844983,true,0.005066844919786092,99.99493315508022,false,0.003062164236377592,false,0.003062164236377592,99.99693783576362,false
accu_diffs,2022-05-22T00:00:00Z,26.386956521739126,8.113043478260868,7.421739130434786,7.421739130434786,99.99743868292535,27.5,12.1,20.4,5.6,0.0004218157851375861,99.99957818421487,true,0.0049142550911039674,99.99508574490889,false,0.0024545987111892252,false,0.0024545987111892252,99.99754540128882,false
accu_diffs,2022-05-23T00:00:00Z,28.968181818181826,12.54090909090909,4.9818181818181815,4.9818181818181815,99.9974125042842,28.4,13.1,22.2,7.4,0.00019613996547936916,99.99980386003452,true,0.00044581370061616636,99.99955418629938,false,0.004854014598540148,false,0.004854014598540148,99.99514598540146,false
accu_diffs,2022-05-24T00:00:00Z,29.16521739130436,12.734782608695651,5.965217391304349,4.917391304347826,99.99627874850209,28.2,12.8,25.9,9.3,0.0003309481216458003,99.99966905187836,false,0.00005121201775350077,99.99994878798225,true,0.005590379008746355,false,0.008912466843501327,99.9910875331565,false
accu_diffs,2022-05-25T00:00:00Z,29.43913043478261,13.069565217391299,5.404347826086957,5.404347826086957,99.99972277643924,28.6,13.2,33.3,5.6,0.0002850391374981534,99.9997149608625,false,0.00009980039920160069,99.9999001996008,true,0.0003620273531777948,false,0.0003620273531777948,99.99963797264682,false
accu_diffs,2022-05-26T00:00:00Z,31.47916666666667,13.64166666666666,6.3374999999999995,6.3374999999999995,99.99867779488257,31.9,16.1,24.1,7.4,0.00013368630046326738,99.99986631369954,true,0.0018020769700672025,99.99819792302993,false,0.0016765285996055241,false,0.0016765285996055241,99.9983234714004,false
accu_diffs,2022-05-27T00:00:00Z,32.67826086956521,13.986956521739133,5.339130434782608,4.956521739130435,99.99915689287454,32.2,16,18.5,5.6,0.00014635444385310945,99.99985364555614,true,0.0014392290954305233,99.99856077090458,false,0.0004885993485342025,false,0.0012982456140350875,99.99870175438596,false
accu_diffs,2022-05-28T00:00:00Z,32.1695652173913,16.91739130434782,7.021739130434782,7.021739130434782,99.99811468729915,31.1,15.7,27.8,9.3,0.00033247736180564823,99.99966752263819,true,0.0007196093549216112,99.99928039064508,false,0.003244582043343655,false,0.003244582043343655,99.99675541795666,false
accu_diffs,2022-05-29T00:00:00Z,31.14347826086958,16.59565217391304,9.02608695652174,9.02608695652174,99.99845467094806,30.7,14.2,27.8,11.1,0.0001423984364093301,99.99985760156359,true,0.001443542048729368,99.99855645795127,false,0.0022976878612716756,false,0.0022976878612716756,99.99770231213873,false
accu_diffs,2022-05-30T00:00:00Z,30.3608695652174,15.595652173913038,8.46521739130435,7.417391304347827,99.99682681947884,25.1,11.1,37,11.1,0.0017327796076185037,99.99826722039238,true,0.00288263172567605,99.99711736827432,false,0.0031124807395993804,false,0.004964830011723326,99.99503516998827,false
accu_diffs,2022-05-31T00:00:00Z,27.99545454545454,11.590909090909092,4.9772727272727275,4.9772727272727275,99.99560261222905,27.6,11.5,37,9.3,0.00014125669751582768,99.99985874330248,false,0.0000784313725490203,99.99992156862746,true,0.008684931506849316,false,0.008684931506849316,99.99131506849315,false
accu_diffs,2022-06-01T00:00:00Z,29.01304347826086,13.97826086956522,4.678260869565217,4.678260869565217,99.99681402858896,29.9,15.1,22.2,7.4,0.0003057095759028946,99.9996942904241,true,0.0008024883359253474,99.99919751166408,false,0.005817843866171006,false,0.005817843866171006,99.99418215613383,false
accu_diffs,2022-06-02T00:00:00Z,29.791666666666675,15.295833333333334,5.1083333333333325,5.1083333333333325,99.99750951020367,30.2,16.6,20.4,7.4,0.000137062937062934,99.99986293706294,true,0.000852628711522746,99.99914737128847,false,0.0044861337683523685,false,0.0044861337683523685,99.99551386623165,false
accu_diffs,2022-06-03T00:00:00Z,30.073913043478274,15.904347826086957,10.413043478260871,8.447826086956523,99.99883929354695,30.1,16.7,27.8,7.4,0.000008674280757549811,99.99999132571924,true,0.0005002733734281022,99.99949972662657,false,0.002893528183716076,false,0.001240349974266599,99.99875965002573,false
accu_diffs,2022-06-04T00:00:00Z,30.573913043478257,14.652173913043475,10.408695652173915,8.982608695652173,99.99922167474031,30.5,17.1,27.8,9.3,0.000024175199089873488,99.99997582480091,true,0.0016706231454005971,99.9983293768546,false,0.001065162907268171,false,0.0003533397870280753,99.99964666021297,false
accu_diffs,2022-06-05T00:00:00Z,31.000000000000004,16.121739130434786,7.256521739130435,7.256521739130435,99.99819711443546,31.9,18.2,29.6,9.3,0.00029032258064515964,99.99970967741936,true,0.0012891046386191987,99.99871089536138,false,0.0028160575194727385,false,0.0028160575194727385,99.99718394248053,false
accu_diffs,2022-06-06T00:00:00Z,32.12173913043479,17.426086956521743,7.739130434782608,7.739130434782608,99.99630040768838,32.9,19.1,29.6,13,0.00024228478613968322,99.99975771521386,true,0.0009605788423153673,99.99903942115769,false,0.006797752808988765,false,0.006797752808988765,99.99320224719101,false
accu_diffs,2022-06-07T00:00:00Z,33.15652173913044,18.226086956521737,9.760869565217392,7.665217391304348,99.99703998794396,31.3,16.4,37,13,0.0005599265670076069,99.999440073433,true,0.0010019083969465645,99.99899809160306,false,0.003318485523385299,false,0.006959727736812251,99.99304027226319,false
accu_diffs,2022-06-08T00:00:00Z,32.03043478260869,14.686956521739123,5.647826086956522,5.647826086956522,99.99814746836864,33.9,15.6,37,7.4,0.0005836839961992694,99.9994163160038,true,0.0006216696269982287,99.999378330373,false,0.003102386451116243,false,0.003102386451116243,99.99689761354888,false
accu_diffs,2022-06-09T00:00:00Z,27.58333333333334,15.304166666666665,6.262500000000002,6.262500000000002,99.99892158993333,27.5,16.3,22.2,7.4,0.000030211480362539906,99.99996978851964,true,0.0006506942553770773,99.99934930574462,false,0.0018163672654690586,false,0.0018163672654690586,99.99818363273454,false
